Loan_ID,Customer_ID,Application_Date,Branch,Region,Age,Gender,Occupation,Employment_Years,Annual_Income,Credit_Score,Loan_Purpose,Loan_Amount,Loan_Term_Months,Interest_Rate,EMI,Debt_To_Income_Ratio,LTV_Ratio,Risk_Category,Loan_Status,Collateral,Marital_Status,Dependents,Default_Flag
LN100000,CUST50000,2024-04-07,Pune,East,54,Male,Analyst,30,1581067,546,Business,495976,84,15.48,6818.49,39.1,55.5,High,Active,No,Married,4,0
LN100001,CUST50001,2025-11-19,Pune,West,55,Female,Clerk,31,1076809,749,Auto,1827134,60,8.02,32894.5,43.4,61.7,Medium,Paid,No,Single,3,0
LN100002,CUST50002,2025-04-07,Bengaluru,South,48,Female,Clerk,35,2006968,761,Personal,1392159,180,6.03,8200.59,40.7,72.6,Low,Active,Yes,Married,4,0
LN100003,CUST50003,2024-08-04,Chennai,East,63,Female,Engineer,24,1805643,491,Medical,3400895,24,13.14,160323.86,28.4,89.4,High,Active,No,Single,1,0
LN100004,CUST50004,2024-11-10,Pune,North,54,Female,Clerk,14,262680,496,Medical,174063,24,15.2,8355.02,51.6,46.3,High,Active,Yes,Single,3,0
LN100005,CUST50005,2025-09-22,Pune,North,34,Male,Clerk,5,2370117,848,Business,4533343,36,10.33,138934.37,52.5,44.0,Low,Paid,No,Single,0,0
LN100006,CUST50006,2024-01-06,Kolkata,North,34,Male,Clerk,23,2009156,781,Education,1002618,12,12.26,93794.91,19.0,92.1,Low,Paid,No,Married,3,0
LN100007,CUST50007,2023-07-27,Mumbai,West,32,Female,Engineer,19,1145805,760,Home,2502939,84,13.07,33691.35,43.3,53.5,Low,Defaulted,No,Married,4,1
LN100008,CUST50008,2024-11-20,Delhi,South,23,Female,Clerk,9,1695020,573,Personal,1523217,60,10.97,28171.9,5.8,51.1,High,Delinquent,Yes,Single,3,0
LN100009,CUST50009,2023-12-15,Mumbai,West,31,Female,Manager,11,2369269,493,Personal,870366,84,13.07,11715.75,34.0,66.3,High,Defaulted,Yes,Single,4,1
LN100010,CUST50010,2024-04-07,Hyderabad,South,29,Male,Clerk,4,261046,647,Personal,3435385,180,17.28,22383.44,34.1,79.8,High,Delinquent,Yes,Single,1,0
LN100011,CUST50011,2025-05-13,Mumbai,East,60,Female,Teacher,8,2066548,673,Business,2968652,24,6.93,132265.82,19.2,45.1,Medium,Paid,Yes,Married,0,0
LN100012,CUST50012,2024-06-26,Pune,West,65,Female,Engineer,32,741740,483,Auto,3133578,48,12.5,73443.23,18.2,57.9,High,Delinquent,Yes,Single,3,0
LN100013,CUST50013,2024-04-28,Mumbai,South,58,Male,Analyst,8,486110,580,Personal,2144762,60,7.2,38319.75,25.2,42.1,High,Active,Yes,Married,3,0
LN100014,CUST50014,2023-08-28,Delhi,West,21,Female,Self-employed,25,2337704,692,Education,1037976,36,14.07,32889.42,29.8,56.3,Medium,Paid,Yes,Married,0,0
LN100015,CUST50015,2024-08-20,Kolkata,South,42,Female,Clerk,30,500031,612,Auto,1094967,180,14.83,6985.28,25.8,54.5,High,Active,Yes,Married,0,0
LN100016,CUST50016,2026-07-08,Pune,East,22,Male,Analyst,24,1122059,585,Auto,3154789,12,10.26,289872.53,22.9,54.8,High,Defaulted,No,Single,3,1
LN100017,CUST50017,2023-10-26,Mumbai,North,53,Male,Analyst,25,567218,687,Personal,2054546,36,15.3,65802.54,49.7,65.2,Medium,Active,No,Single,2,0
LN100018,CUST50018,2024-01-25,Chennai,East,28,Female,Doctor,17,2313022,677,Debt Consolidation,1515370,24,9.82,69340.81,27.0,71.7,Medium,Active,No,Married,4,0
LN100019,CUST50019,2023-10-07,Pune,South,34,Female,Manager,1,662351,620,Business,567879,36,9.39,17255.63,50.3,58.8,High,Delinquent,Yes,Married,0,0
LN100020,CUST50020,2025-09-28,Bengaluru,South,45,Male,Manager,34,1469279,571,Auto,2354466,120,10.0,21582.6,51.7,44.9,High,Paid,Yes,Married,1,0
LN100021,CUST50021,2024-09-17,Bengaluru,South,50,Male,Teacher,23,1844024,755,Debt Consolidation,3106070,12,12.95,292358.84,23.0,41.6,Low,Paid,No,Married,2,0
LN100022,CUST50022,2025-11-14,Kolkata,East,61,Female,Self-employed,8,1690176,692,Medical,2312871,12,16.67,224868.88,39.0,68.1,Medium,Active,No,Married,1,0
LN100023,CUST50023,2025-10-27,Pune,South,49,Female,Analyst,18,1909820,535,Home,4275571,36,8.67,129062.86,38.6,82.8,High,Delinquent,No,Single,0,0
LN100024,CUST50024,2024-05-23,Mumbai,South,29,Female,Clerk,13,1825089,688,Personal,2756595,36,12.13,85860.28,47.3,65.4,Medium,Delinquent,Yes,Single,1,0
LN100025,CUST50025,2023-08-08,Delhi,East,29,Female,Analyst,13,1685369,790,Education,2273578,180,10.42,13947.14,52.4,82.7,Low,Delinquent,No,Single,2,0
LN100026,CUST50026,2023-08-30,Bengaluru,North,28,Female,Doctor,18,447818,776,Auto,146190,36,8.85,4420.22,9.5,94.0,Low,Active,No,Single,3,0
LN100027,CUST50027,2025-04-18,Delhi,East,55,Male,Teacher,12,1212891,840,Medical,705731,240,9.39,3216.66,38.4,86.9,Low,Paid,No,Single,4,0
LN100028,CUST50028,2025-12-19,Pune,East,43,Female,Manager,6,995700,512,Home,4175340,24,16.29,202312.62,33.0,93.7,High,Defaulted,No,Married,3,1
LN100029,CUST50029,2024-06-15,Hyderabad,East,30,Female,Clerk,0,421094,502,Auto,4239505,36,15.4,135899.69,39.1,65.0,High,Delinquent,No,Married,4,0
LN100030,CUST50030,2025-05-29,Pune,West,40,Male,Engineer,22,871760,720,Business,4554587,120,14.09,43302.74,20.3,66.8,Medium,Paid,No,Single,1,0
LN100031,CUST50031,2026-04-25,Pune,West,65,Male,Analyst,18,1603948,452,Home,3608947,36,7.51,107777.19,6.8,69.8,High,Paid,Yes,Married,3,0
LN100032,CUST50032,2025-06-26,Kolkata,East,59,Female,Clerk,32,1842439,798,Auto,2860488,24,12.62,134228.4,29.8,51.2,Low,Paid,No,Married,4,0
LN100033,CUST50033,2023-09-20,Mumbai,West,31,Male,Engineer,16,1097066,748,Home,1540220,120,11.11,14261.15,51.8,71.3,Medium,Paid,Yes,Single,2,0
LN100034,CUST50034,2025-01-26,Delhi,North,60,Male,Analyst,22,735009,514,Home,2923039,12,13.37,276154.11,25.4,82.8,High,Defaulted,Yes,Married,4,1
LN100035,CUST50035,2024-04-10,Mumbai,North,42,Female,Clerk,11,1265855,822,Education,514989,120,11.89,4801.84,41.8,62.5,Low,Paid,No,Married,4,0
LN100036,CUST50036,2024-10-21,Hyderabad,South,62,Female,Clerk,25,2337848,507,Business,2015855,12,13.89,191321.44,11.7,73.2,High,Delinquent,No,Single,1,0
LN100037,CUST50037,2024-11-22,Pune,South,42,Male,Doctor,8,1010476,765,Medical,1432670,36,11.64,44428.69,58.1,42.1,Low,Defaulted,Yes,Single,0,1
LN100038,CUST50038,2024-11-09,Pune,South,42,Male,Clerk,3,1165312,686,Debt Consolidation,2236855,240,12.11,10448.91,15.6,86.8,Medium,Paid,No,Single,2,0
LN100039,CUST50039,2024-01-26,Chennai,West,59,Male,Manager,0,2280860,707,Medical,746458,84,12.52,9998.98,24.7,92.6,Medium,Active,Yes,Married,1,0
LN100040,CUST50040,2025-07-23,Kolkata,South,37,Male,Engineer,8,624109,565,Personal,3908841,24,7.31,174774.05,8.4,54.8,High,Delinquent,Yes,Single,0,0
LN100041,CUST50041,2024-12-07,Mumbai,North,54,Male,Self-employed,8,1156279,650,Debt Consolidation,3233119,180,16.21,20873.38,28.2,73.2,Medium,Active,Yes,Single,0,0
LN100042,CUST50042,2023-11-23,Hyderabad,East,32,Female,Analyst,9,1403582,689,Auto,3241162,120,7.46,29024.61,37.6,72.8,Medium,Defaulted,Yes,Married,0,1
LN100043,CUST50043,2026-03-12,Delhi,South,21,Female,Manager,35,2291496,545,Debt Consolidation,4397783,60,10.52,81007.16,36.2,60.2,High,Active,Yes,Single,2,0
LN100044,CUST50044,2026-04-06,Delhi,North,35,Female,Clerk,2,1660803,778,Auto,3291420,60,10.49,60611.5,43.4,64.9,Low,Paid,Yes,Married,4,0
LN100045,CUST50045,2025-03-21,Kolkata,West,49,Female,Clerk,25,416689,735,Business,4160948,24,7.86,186999.94,13.8,80.9,Medium,Active,No,Married,4,0
LN100046,CUST50046,2025-09-11,Pune,South,58,Male,Doctor,29,1226835,671,Auto,1411657,84,12.68,18936.37,26.4,71.4,Medium,Delinquent,No,Single,3,0
LN100047,CUST50047,2025-10-03,Hyderabad,West,31,Female,Analyst,2,1882769,734,Medical,3035400,24,6.08,134164.68,33.3,64.9,Medium,Paid,No,Single,2,0
LN100048,CUST50048,2025-12-24,Chennai,North,53,Female,Engineer,11,1884795,756,Medical,2479193,12,16.87,241452.74,56.9,43.6,Low,Delinquent,Yes,Single,2,0
LN100049,CUST50049,2024-12-12,Delhi,West,62,Male,Doctor,12,1231612,631,Home,519065,84,9.99,6796.66,6.0,60.1,High,Paid,No,Married,3,0
LN100050,CUST50050,2024-05-31,Bengaluru,North,25,Female,Manager,23,369693,664,Medical,2326942,48,10.19,53417.86,48.9,49.9,Medium,Active,Yes,Single,0,0
LN100051,CUST50051,2025-02-01,Pune,North,25,Male,Analyst,6,2280982,535,Auto,4839709,120,11.17,44835.87,20.3,59.8,High,Delinquent,No,Married,2,0
LN100052,CUST50052,2026-03-17,Pune,North,39,Male,Manager,26,1424259,847,Medical,736182,24,13.56,34833.68,57.2,53.1,Low,Delinquent,No,Single,2,0
LN100053,CUST50053,2023-07-27,Delhi,South,51,Male,Analyst,9,903606,464,Business,2186671,120,14.49,20862.66,7.9,79.3,High,Defaulted,No,Married,2,1
LN100054,CUST50054,2026-05-10,Pune,South,53,Male,Analyst,31,1932824,466,Auto,1686940,180,6.57,9987.62,51.6,78.3,High,Delinquent,Yes,Single,2,0
LN100055,CUST50055,2024-05-06,Mumbai,West,31,Male,Engineer,9,2411108,520,Personal,2693911,60,15.02,51642.27,48.4,59.5,High,Defaulted,No,Married,0,1
LN100056,CUST50056,2026-06-01,Delhi,West,34,Female,Engineer,4,1310896,761,Education,2740582,48,15.14,65739.71,56.4,56.7,Low,Paid,Yes,Married,3,0
LN100057,CUST50057,2025-08-14,Delhi,South,59,Male,Manager,0,1037206,768,Home,4851856,180,12.09,30213.59,22.5,68.2,Low,Delinquent,No,Single,0,0
LN100058,CUST50058,2024-03-17,Delhi,West,24,Male,Analyst,3,1504224,543,Business,2185413,84,7.7,28020.12,42.0,75.2,High,Delinquent,No,Married,4,0
LN100059,CUST50059,2023-07-17,Hyderabad,West,25,Female,Analyst,21,470633,765,Medical,4413862,240,11.25,20460.09,31.0,68.7,Low,Paid,No,Single,2,0
LN100060,CUST50060,2026-02-03,Kolkata,West,63,Female,Analyst,17,845776,821,Home,4593067,36,7.38,137000.98,30.2,76.3,Low,Paid,No,Married,4,0
LN100061,CUST50061,2026-01-15,Delhi,West,25,Male,Teacher,25,897473,477,Debt Consolidation,879069,120,13.96,8348.23,17.6,40.3,High,Active,Yes,Married,4,0
LN100062,CUST50062,2025-02-17,Hyderabad,North,43,Male,Engineer,17,1186657,495,Debt Consolidation,3475984,60,12.52,65186.29,30.0,76.0,High,Delinquent,No,Married,1,0
LN100063,CUST50063,2023-08-04,Hyderabad,East,45,Male,Teacher,28,1722958,597,Auto,3427668,60,14.25,65268.51,26.6,65.4,High,Active,No,Married,2,0
LN100064,CUST50064,2024-05-08,Chennai,South,46,Male,Manager,5,601319,766,Personal,3903525,36,13.83,123427.29,46.9,76.7,Low,Paid,No,Single,4,0
LN100065,CUST50065,2025-02-10,Mumbai,East,41,Male,Clerk,18,375282,796,Medical,4371871,180,7.88,26202.08,28.0,73.2,Low,Paid,Yes,Single,0,0
LN100066,CUST50066,2025-07-12,Delhi,East,22,Female,Clerk,9,1085011,667,Auto,4758456,240,6.15,21046.25,44.4,68.1,Medium,Active,No,Married,2,0
LN100067,CUST50067,2024-01-28,Hyderabad,West,64,Female,Self-employed,24,1625171,662,Medical,4976410,36,17.61,162576.55,21.8,57.8,Medium,Active,No,Single,4,0
LN100068,CUST50068,2025-08-08,Pune,West,60,Male,Self-employed,22,1438680,637,Home,2260358,24,9.72,103336.03,29.5,55.2,High,Defaulted,Yes,Single,2,1
LN100069,CUST50069,2024-08-24,Bengaluru,South,51,Female,Doctor,15,1929617,543,Business,748430,240,10.34,3440.91,51.7,61.3,High,Defaulted,Yes,Married,2,1
LN100070,CUST50070,2024-10-10,Delhi,South,63,Male,Self-employed,8,1417934,816,Medical,2331317,84,14.83,31869.66,38.5,49.1,Low,Paid,Yes,Married,0,0
LN100071,CUST50071,2023-07-12,Bengaluru,West,47,Male,Engineer,13,2403887,766,Medical,926835,48,16.4,22475.75,20.5,57.2,Low,Active,No,Single,3,0
LN100072,CUST50072,2024-10-04,Chennai,North,46,Female,Analyst,25,2084172,660,Business,4805786,24,12.81,225891.97,30.1,93.3,Medium,Paid,No,Married,2,0
LN100073,CUST50073,2025-01-30,Mumbai,South,46,Male,Analyst,24,1955216,524,Personal,1568587,240,12.42,7347.52,35.8,55.0,High,Paid,No,Single,0,0
LN100074,CUST50074,2023-10-27,Hyderabad,South,24,Female,Manager,18,1232716,643,Business,2900882,60,12.41,54348.02,50.1,82.9,High,Defaulted,No,Single,3,1
LN100075,CUST50075,2024-09-08,Mumbai,South,21,Female,Doctor,8,389865,767,Education,210745,240,12.06,984.0,33.9,63.1,Low,Active,No,Single,0,0
LN100076,CUST50076,2023-12-20,Bengaluru,West,64,Female,Self-employed,24,465317,775,Medical,1486829,180,7.1,8846.63,26.8,53.1,Low,Delinquent,No,Single,0,0
LN100077,CUST50077,2024-09-27,Bengaluru,West,61,Female,Analyst,1,1025150,457,Business,4783628,120,14.99,45839.12,28.6,71.3,High,Active,Yes,Single,1,0
LN100078,CUST50078,2024-04-12,Chennai,West,40,Male,Manager,0,1114489,670,Medical,2758198,84,11.88,36736.57,42.1,46.0,Medium,Paid,Yes,Single,1,0
LN100079,CUST50079,2026-03-10,Delhi,West,37,Female,Manager,14,418556,655,Debt Consolidation,4342054,84,17.08,60519.96,47.5,64.4,Medium,Delinquent,No,Married,2,0
LN100080,CUST50080,2023-12-21,Bengaluru,South,39,Female,Engineer,24,191571,790,Education,1877068,48,8.63,42480.4,29.4,80.4,Low,Paid,Yes,Married,4,0
LN100081,CUST50081,2024-04-26,Mumbai,West,63,Male,Teacher,21,2105100,816,Education,2665241,84,14.92,36463.04,43.5,66.4,Low,Paid,No,Married,0,0
LN100082,CUST50082,2025-03-27,Mumbai,South,27,Female,Doctor,18,1594433,644,Personal,4071494,24,11.98,189969.12,11.6,67.8,High,Active,Yes,Single,2,0
LN100083,CUST50083,2024-08-22,Chennai,South,47,Male,Teacher,10,889816,772,Personal,3933415,60,8.21,70939.14,48.2,66.8,Low,Active,Yes,Single,0,0
LN100084,CUST50084,2024-03-18,Mumbai,West,46,Female,Engineer,6,1597426,736,Debt Consolidation,1131776,48,12.97,26636.82,13.4,55.0,Medium,Active,Yes,Single,4,0
LN100085,CUST50085,2024-07-27,Pune,West,48,Female,Teacher,8,1167143,501,Medical,2387117,12,12.32,223434.15,56.9,93.8,High,Active,Yes,Married,1,0
LN100086,CUST50086,2024-06-25,Bengaluru,South,64,Male,Self-employed,10,822714,604,Education,2575734,84,16.28,35655.52,34.0,58.6,High,Active,Yes,Single,1,0
LN100087,CUST50087,2026-06-28,Pune,North,37,Male,Manager,20,2479735,571,Medical,389247,84,6.79,4948.53,16.2,76.0,High,Delinquent,No,Single,3,0
LN100088,CUST50088,2024-10-07,Pune,West,35,Male,Manager,24,1326085,735,Business,2327854,84,10.97,30752.61,56.2,61.6,Medium,Active,Yes,Single,1,0
LN100089,CUST50089,2026-01-28,Pune,East,50,Male,Analyst,2,1215294,803,Home,3032482,84,7.29,38732.74,5.0,53.6,Low,Paid,No,Married,4,0
LN100090,CUST50090,2024-07-17,Pune,East,61,Female,Clerk,4,932016,812,Debt Consolidation,1512876,36,8.86,45747.69,26.0,41.0,Low,Active,No,Single,3,0
LN100091,CUST50091,2025-09-07,Chennai,South,42,Female,Teacher,7,1636820,525,Auto,601795,60,15.1,11544.43,17.6,54.9,High,Delinquent,Yes,Married,2,0
LN100092,CUST50092,2025-06-24,Pune,West,53,Female,Engineer,8,2416740,830,Education,1611536,24,7.2,71981.94,28.7,46.0,Low,Active,No,Married,0,0
LN100093,CUST50093,2024-02-29,Pune,South,36,Male,Engineer,3,504682,777,Business,2511664,60,16.54,48784.89,38.2,42.9,Low,Active,No,Single,3,0
LN100094,CUST50094,2026-01-16,Delhi,East,53,Female,Doctor,14,1172069,720,Education,4956227,180,13.46,31240.75,46.6,52.2,Medium,Active,Yes,Single,0,0
LN100095,CUST50095,2025-09-04,Delhi,South,49,Female,Self-employed,28,207299,514,Personal,352565,12,8.33,31827.81,23.7,90.9,High,Delinquent,No,Single,1,0
LN100096,CUST50096,2024-01-23,Mumbai,West,51,Male,Teacher,13,724605,825,Medical,4855780,24,10.39,223345.65,24.5,82.9,Low,Active,No,Single,0,0
LN100097,CUST50097,2023-11-18,Hyderabad,North,30,Female,Manager,25,1285713,647,Debt Consolidation,4716368,120,12.77,44322.07,32.8,76.7,High,Defaulted,Yes,Single,3,1
LN100098,CUST50098,2024-10-08,Chennai,North,22,Male,Engineer,11,1533278,797,Medical,308245,180,14.78,1965.58,15.8,52.0,Low,Paid,No,Single,0,0
LN100099,CUST50099,2025-06-01,Bengaluru,North,59,Female,Self-employed,23,2294907,767,Medical,1109217,36,11.22,34268.64,59.1,92.6,Low,Active,No,Single,2,0
LN100100,CUST50100,2025-01-24,Kolkata,North,63,Female,Engineer,35,1052659,806,Personal,1475507,48,8.86,33463.27,24.4,57.8,Low,Delinquent,No,Single,3,0
LN100101,CUST50101,2025-08-12,Bengaluru,East,22,Female,Self-employed,30,2204982,522,Personal,1872445,120,6.13,16560.22,23.8,72.4,High,Active,No,Single,1,0
LN100102,CUST50102,2024-10-09,Hyderabad,East,25,Male,Engineer,8,1752376,629,Personal,4133371,24,14.28,196817.35,43.5,68.4,High,Active,No,Single,3,0
LN100103,CUST50103,2026-05-09,Mumbai,North,52,Male,Self-employed,16,1900010,720,Personal,3023807,12,12.95,284615.83,43.9,73.3,Medium,Delinquent,No,Single,1,0
LN100104,CUST50104,2025-01-25,Bengaluru,North,58,Male,Analyst,1,2356539,753,Personal,1307095,36,13.07,41053.68,34.8,74.1,Low,Paid,No,Married,3,0
LN100105,CUST50105,2023-10-04,Hyderabad,South,60,Female,Self-employed,1,1477553,740,Debt Consolidation,4911419,12,13.25,463515.17,6.1,45.9,Medium,Paid,No,Married,4,0
LN100106,CUST50106,2025-07-16,Pune,South,21,Female,Doctor,21,1482576,809,Debt Consolidation,3999712,36,17.21,130223.96,12.3,41.6,Low,Active,No,Single,1,0
LN100107,CUST50107,2026-02-24,Hyderabad,South,57,Male,Analyst,20,383608,796,Auto,4155184,84,6.99,52924.18,23.5,44.9,Low,Paid,No,Married,1,0
LN100108,CUST50108,2026-04-05,Bengaluru,South,62,Female,Teacher,25,370720,838,Education,268639,60,10.23,4935.35,58.9,69.2,Low,Active,No,Married,1,0
LN100109,CUST50109,2024-11-19,Hyderabad,South,56,Male,Engineer,21,2482625,454,Business,2520354,12,11.05,233237.76,49.5,89.0,High,Delinquent,No,Single,4,0
LN100110,CUST50110,2024-07-19,Kolkata,North,53,Female,Doctor,2,976756,664,Home,4807920,48,6.32,106495.43,30.3,54.5,Medium,Paid,Yes,Married,2,0
LN100111,CUST50111,2025-07-12,Kolkata,North,30,Female,Doctor,11,1146126,587,Personal,3495248,240,11.25,16201.93,23.7,58.0,High,Paid,No,Married,1,0
LN100112,CUST50112,2023-11-07,Bengaluru,East,33,Male,Doctor,21,1563026,583,Medical,4337758,12,10.17,398242.33,43.9,74.2,High,Active,Yes,Single,4,0
LN100113,CUST50113,2024-01-18,Hyderabad,West,53,Male,Teacher,0,2348588,765,Education,1510227,84,11.28,20006.91,37.4,83.4,Low,Defaulted,Yes,Single,2,1
LN100114,CUST50114,2025-04-17,Mumbai,North,47,Male,Self-employed,6,2406356,744,Medical,1057058,180,11.6,6553.76,27.6,94.8,Medium,Delinquent,Yes,Single,2,0
LN100115,CUST50115,2023-12-11,Kolkata,East,62,Female,Analyst,12,1356420,786,Education,2875000,12,10.04,263637.5,9.9,45.1,Low,Active,No,Married,1,0
LN100116,CUST50116,2024-01-07,Hyderabad,South,39,Male,Doctor,27,1027169,540,Personal,1578405,84,8.5,20387.73,49.6,42.9,High,Active,Yes,Married,3,0
LN100117,CUST50117,2023-12-18,Hyderabad,West,45,Female,Teacher,30,1566031,697,Medical,3730308,84,16.98,51948.98,45.0,45.9,Medium,Delinquent,Yes,Single,3,0
LN100118,CUST50118,2024-04-04,Hyderabad,North,54,Female,Manager,32,1942800,805,Home,3745460,240,17.12,18277.84,9.7,63.1,Low,Paid,No,Single,4,0
LN100119,CUST50119,2024-07-16,Kolkata,North,26,Male,Manager,16,1732868,824,Auto,3919782,180,10.52,24067.46,59.2,83.8,Low,Paid,No,Married,0,0
LN100120,CUST50120,2024-10-11,Pune,North,64,Male,Teacher,15,965738,573,Auto,4138671,48,14.81,98991.84,52.6,90.5,High,Defaulted,Yes,Married,4,1
LN100121,CUST50121,2023-10-07,Bengaluru,North,51,Male,Teacher,20,1710704,609,Medical,749268,24,16.89,36492.47,9.3,45.5,High,Active,No,Married,2,0
LN100122,CUST50122,2023-08-04,Bengaluru,South,28,Male,Manager,8,806594,502,Debt Consolidation,2718642,60,11.51,50525.96,29.1,60.4,High,Delinquent,Yes,Married,0,0
LN100123,CUST50123,2023-08-19,Hyderabad,West,35,Female,Engineer,5,2323919,592,Auto,1056036,24,9.92,48366.45,32.7,74.2,High,Active,Yes,Single,0,0
LN100124,CUST50124,2024-08-30,Kolkata,North,58,Male,Analyst,12,1485909,758,Home,2757064,36,10.86,84902.25,22.3,65.5,Low,Paid,Yes,Single,2,0
LN100125,CUST50125,2024-04-26,Hyderabad,North,31,Male,Self-employed,1,1036070,493,Personal,4128102,12,12.83,388144.79,26.7,52.7,High,Defaulted,Yes,Single,2,1
LN100126,CUST50126,2024-05-28,Hyderabad,West,30,Female,Teacher,8,1380508,461,Home,1291709,24,6.45,57292.68,14.7,76.3,High,Delinquent,No,Married,2,0
LN100127,CUST50127,2024-02-15,Kolkata,East,49,Female,Self-employed,14,1403997,660,Medical,1672205,12,16.06,161730.09,5.4,72.2,Medium,Delinquent,No,Single,3,0
LN100128,CUST50128,2024-05-11,Delhi,West,27,Male,Engineer,7,385786,614,Debt Consolidation,4338394,36,8.81,131127.96,18.7,93.5,High,Active,No,Married,4,0
LN100129,CUST50129,2025-04-04,Hyderabad,West,48,Male,Teacher,13,1799185,478,Home,3108687,12,7.99,279755.92,17.8,94.4,High,Active,Yes,Single,1,0
LN100130,CUST50130,2025-10-11,Pune,South,41,Female,Manager,20,999889,692,Debt Consolidation,2467661,180,8.0,14805.97,40.1,75.2,Medium,Active,Yes,Single,3,0
LN100131,CUST50131,2023-07-18,Chennai,East,30,Female,Analyst,11,1226786,645,Debt Consolidation,4003969,36,15.21,128138.13,39.6,93.4,High,Defaulted,No,Single,3,1
LN100132,CUST50132,2023-10-10,Delhi,North,24,Female,Self-employed,18,466259,514,Education,3545169,60,9.87,64917.95,25.7,47.9,High,Delinquent,Yes,Married,2,0
LN100133,CUST50133,2026-01-09,Delhi,North,43,Male,Clerk,32,2454987,601,Medical,489886,12,13.3,46253.4,12.6,77.1,High,Delinquent,Yes,Married,4,0
LN100134,CUST50134,2024-03-20,Chennai,East,44,Male,Analyst,10,1987627,631,Auto,905642,36,12.85,28389.36,10.9,85.2,High,Paid,No,Married,3,0
LN100135,CUST50135,2025-03-21,Delhi,West,63,Male,Clerk,13,1958043,528,Personal,4589545,36,12.16,142989.82,13.9,48.6,High,Delinquent,No,Single,2,0
LN100136,CUST50136,2026-04-14,Bengaluru,North,44,Male,Doctor,30,1805724,788,Medical,2533422,24,11.72,117930.79,7.6,81.1,Low,Paid,No,Married,1,0
LN100137,CUST50137,2024-02-20,Chennai,North,42,Female,Analyst,11,554921,790,Home,4995379,36,15.29,159977.01,44.6,65.8,Low,Active,No,Married,3,0
LN100138,CUST50138,2023-11-09,Hyderabad,North,23,Male,Doctor,4,1311588,495,Personal,740687,12,14.11,70433.16,39.0,94.3,High,Delinquent,Yes,Married,1,0
LN100139,CUST50139,2025-10-09,Kolkata,North,35,Male,Analyst,20,2374234,714,Debt Consolidation,155346,120,16.95,1513.98,48.0,57.7,Medium,Paid,Yes,Married,4,0
LN100140,CUST50140,2024-04-16,Delhi,West,28,Female,Clerk,1,1377211,679,Personal,3770632,12,7.8,338728.44,54.9,45.8,Medium,Defaulted,Yes,Single,2,1
LN100141,CUST50141,2025-06-02,Delhi,North,52,Female,Self-employed,12,1027709,722,Business,1325470,240,9.31,6036.96,49.4,62.1,Medium,Paid,Yes,Single,3,0
LN100142,CUST50142,2026-01-19,Pune,South,30,Male,Self-employed,34,1616551,491,Business,3383604,60,12.03,63177.53,58.0,87.3,High,Defaulted,Yes,Married,3,1
LN100143,CUST50143,2026-01-06,Mumbai,East,48,Female,Doctor,34,1708603,475,Auto,2091519,60,9.88,38302.68,9.2,43.8,High,Paid,No,Single,2,0
LN100144,CUST50144,2024-08-16,Mumbai,West,26,Male,Teacher,5,596021,725,Personal,1199977,12,7.31,107307.94,6.9,59.6,Medium,Active,No,Married,3,0
LN100145,CUST50145,2025-07-03,Chennai,West,49,Female,Analyst,24,336517,832,Debt Consolidation,247012,48,7.01,5506.82,47.7,44.2,Low,Delinquent,Yes,Married,2,0
LN100146,CUST50146,2026-02-04,Bengaluru,West,23,Male,Self-employed,1,2124383,683,Education,571568,84,11.61,7594.37,6.0,61.9,Medium,Paid,No,Single,4,0
LN100147,CUST50147,2025-07-15,Pune,North,35,Male,Teacher,26,394160,622,Personal,1988043,36,11.53,61590.68,45.4,56.0,High,Active,No,Married,0,0
LN100148,CUST50148,2024-02-18,Kolkata,North,59,Male,Teacher,23,1913643,577,Home,1116825,180,6.15,6586.17,42.2,53.3,High,Defaulted,No,Single,4,1
LN100149,CUST50149,2023-07-23,Kolkata,West,35,Male,Teacher,19,465348,574,Business,2503449,36,13.23,78740.43,51.2,63.6,High,Defaulted,No,Single,4,1
LN100150,CUST50150,2025-08-10,Mumbai,West,21,Male,Teacher,25,1377535,683,Personal,965661,48,6.55,21435.66,8.7,78.9,Medium,Paid,Yes,Married,1,0
LN100151,CUST50151,2023-09-03,Mumbai,South,65,Male,Self-employed,19,2225173,579,Personal,3981174,180,7.25,23721.16,44.4,46.3,High,Active,Yes,Married,0,0
LN100152,CUST50152,2025-07-13,Mumbai,East,61,Female,Clerk,3,1715109,757,Business,1130739,36,11.49,35018.36,58.8,71.6,Low,Paid,No,Married,3,0
LN100153,CUST50153,2023-10-01,Delhi,South,55,Male,Clerk,10,2001347,593,Debt Consolidation,4806820,60,8.71,87091.57,23.6,66.7,High,Active,No,Single,1,0
LN100154,CUST50154,2024-07-04,Kolkata,West,50,Female,Self-employed,33,412857,688,Business,2453849,84,14.17,33351.9,6.4,68.2,Medium,Defaulted,No,Married,1,1
LN100155,CUST50155,2025-06-29,Pune,North,37,Female,Teacher,1,1144407,470,Medical,4593522,180,6.61,27206.41,37.6,92.0,High,Delinquent,Yes,Married,4,0
LN100156,CUST50156,2024-02-14,Kolkata,South,24,Female,Clerk,4,1092710,818,Personal,645595,60,17.83,12678.41,16.7,92.4,Low,Active,No,Single,2,0
LN100157,CUST50157,2024-07-22,Chennai,North,29,Male,Doctor,13,2242369,560,Medical,551561,24,15.95,26647.29,38.0,44.7,High,Defaulted,Yes,Married,1,1
LN100158,CUST50158,2026-04-28,Pune,East,34,Female,Doctor,15,1610156,801,Education,2706195,84,15.41,37181.19,22.3,66.5,Low,Active,Yes,Married,1,0
LN100159,CUST50159,2025-02-21,Chennai,West,31,Male,Doctor,11,871663,734,Auto,2558662,12,11.37,237465.16,20.5,84.9,Medium,Delinquent,Yes,Married,2,0
LN100160,CUST50160,2025-03-29,Kolkata,West,45,Female,Teacher,14,565587,458,Personal,1333188,48,7.89,29966.18,10.7,91.2,High,Defaulted,No,Single,4,1
LN100161,CUST50161,2024-05-23,Kolkata,West,23,Male,Doctor,14,1121467,502,Home,4119444,240,14.73,19692.66,56.5,80.6,High,Delinquent,No,Married,1,0
LN100162,CUST50162,2026-02-02,Bengaluru,North,58,Female,Doctor,3,1920383,622,Medical,1334817,84,14.95,18266.34,21.7,67.5,High,Defaulted,Yes,Married,1,1
LN100163,CUST50163,2025-01-10,Mumbai,North,26,Male,Engineer,15,233634,792,Personal,2844028,120,11.2,26354.66,12.2,73.9,Low,Delinquent,Yes,Single,3,0
LN100164,CUST50164,2024-11-19,Delhi,East,59,Female,Analyst,23,1183616,627,Personal,2947395,240,17.56,14437.32,11.9,67.8,High,Active,No,Single,4,0
LN100165,CUST50165,2026-04-14,Mumbai,North,53,Male,Doctor,24,944986,638,Personal,3120519,24,14.41,148757.74,14.6,64.9,High,Active,Yes,Single,3,0
LN100166,CUST50166,2024-08-04,Kolkata,South,40,Male,Doctor,5,1427709,829,Business,3728831,240,11.48,17320.42,52.1,71.0,Low,Paid,Yes,Married,0,0
LN100167,CUST50167,2023-08-05,Hyderabad,South,36,Female,Manager,14,2070011,697,Medical,2154881,120,12.62,20223.56,33.5,80.2,Medium,Active,Yes,Single,1,0
LN100168,CUST50168,2026-03-20,Chennai,East,43,Female,Manager,34,1579360,805,Home,3844995,84,12.37,51435.96,18.1,94.3,Low,Defaulted,Yes,Married,3,1
LN100169,CUST50169,2026-05-23,Mumbai,East,52,Male,Teacher,13,2132560,626,Home,3300244,84,17.62,46211.27,15.1,93.5,High,Active,No,Single,3,0
LN100170,CUST50170,2024-11-15,Bengaluru,South,29,Male,Analyst,2,1475334,631,Debt Consolidation,4742954,12,16.33,459789.87,49.6,54.9,High,Paid,No,Married,4,0
LN100171,CUST50171,2025-12-21,Bengaluru,East,60,Male,Teacher,33,1479144,575,Personal,4385226,36,7.28,130679.73,9.0,59.9,High,Paid,No,Single,0,0
LN100172,CUST50172,2023-10-21,Pune,East,44,Male,Analyst,11,697093,639,Auto,2085696,36,15.85,67118.86,31.6,89.3,High,Paid,No,Single,3,0
LN100173,CUST50173,2023-10-14,Pune,North,51,Female,Doctor,24,1599765,729,Education,1408186,180,9.85,8593.85,20.1,91.6,Medium,Delinquent,No,Single,3,0
LN100174,CUST50174,2025-08-30,Kolkata,West,24,Male,Engineer,16,1701584,526,Business,324014,60,6.41,5746.39,43.8,49.5,High,Delinquent,Yes,Married,0,0
LN100175,CUST50175,2026-02-18,Kolkata,East,47,Female,Self-employed,35,2158743,805,Medical,2320692,84,17.45,32448.25,6.6,63.5,Low,Paid,Yes,Married,4,0
LN100176,CUST50176,2024-08-19,Kolkata,East,26,Male,Self-employed,30,1343669,576,Auto,1662134,48,8.69,37636.95,59.7,78.0,High,Active,No,Single,0,0
LN100177,CUST50177,2023-11-24,Chennai,South,38,Female,Engineer,1,1001119,734,Auto,2008542,48,13.32,47418.33,24.9,59.0,Medium,Active,No,Married,2,0
LN100178,CUST50178,2023-08-22,Mumbai,North,37,Male,Engineer,15,1857082,824,Medical,1920299,60,7.39,34370.15,9.2,85.0,Low,Delinquent,No,Single,2,0
LN100179,CUST50179,2026-01-09,Delhi,North,47,Male,Doctor,29,523513,847,Medical,4362377,180,13.49,27504.79,15.8,73.1,Low,Active,Yes,Married,4,0
LN100180,CUST50180,2026-04-09,Delhi,East,52,Female,Engineer,0,1928864,722,Medical,1423541,24,8.46,64332.19,24.8,59.3,Medium,Defaulted,No,Married,1,1
LN100181,CUST50181,2024-12-19,Hyderabad,West,60,Male,Teacher,16,1405748,460,Education,4967666,180,13.03,31194.18,41.8,83.8,High,Active,No,Single,1,0
LN100182,CUST50182,2025-08-30,Hyderabad,South,58,Male,Analyst,14,558319,778,Business,3214427,36,16.89,104370.66,57.4,64.4,Low,Paid,Yes,Single,3,0
LN100183,CUST50183,2024-06-30,Chennai,East,35,Female,Self-employed,5,889748,656,Medical,1310485,24,6.43,58114.55,26.5,61.2,Medium,Paid,Yes,Single,4,0
LN100184,CUST50184,2023-10-08,Mumbai,East,28,Female,Self-employed,26,2371254,628,Education,2535629,240,10.19,11641.71,51.5,87.3,High,Defaulted,Yes,Single,0,1
LN100185,CUST50185,2023-12-29,Hyderabad,West,26,Female,Clerk,0,1550041,825,Debt Consolidation,4597811,12,13.92,436485.52,13.5,60.0,Low,Paid,No,Married,0,0
LN100186,CUST50186,2025-08-23,Hyderabad,West,51,Male,Analyst,13,780085,542,Medical,3645560,180,12.95,22875.89,48.8,67.7,High,Active,No,Married,0,0
LN100187,CUST50187,2026-03-11,Chennai,South,56,Female,Doctor,19,278636,704,Personal,1404826,240,13.82,6662.39,27.3,89.7,Medium,Active,Yes,Married,4,0
LN100188,CUST50188,2026-01-25,Chennai,East,37,Male,Teacher,5,684915,615,Personal,3473915,60,14.13,66079.65,52.6,57.4,High,Delinquent,Yes,Married,0,0
LN100189,CUST50189,2024-05-18,Mumbai,West,52,Female,Engineer,2,1938481,816,Home,4358542,12,12.73,409448.7,15.6,56.6,Low,Active,Yes,Single,2,0
LN100190,CUST50190,2024-06-15,Mumbai,South,55,Male,Self-employed,4,1635725,762,Auto,4205749,36,6.31,124198.1,57.5,78.6,Low,Delinquent,No,Single,1,0
LN100191,CUST50191,2023-08-18,Chennai,East,50,Male,Analyst,10,600131,825,Auto,3583383,24,7.15,159983.12,45.0,63.3,Low,Defaulted,Yes,Single,4,1
LN100192,CUST50192,2023-12-24,Hyderabad,North,46,Female,Analyst,23,2240775,749,Education,3307603,180,13.15,20791.96,20.8,40.4,Medium,Active,Yes,Married,0,0
LN100193,CUST50193,2025-04-09,Delhi,South,38,Female,Self-employed,33,466196,648,Education,1428472,240,9.95,6544.19,51.1,64.3,High,Active,Yes,Married,1,0
LN100194,CUST50194,2025-05-24,Chennai,North,41,Female,Engineer,9,1719656,526,Auto,107240,24,8.7,4857.08,56.5,89.8,High,Delinquent,No,Married,3,0
LN100195,CUST50195,2026-02-17,Bengaluru,South,23,Female,Doctor,30,1104114,683,Business,4392261,84,17.91,61653.75,54.3,62.5,Medium,Paid,No,Single,0,0
LN100196,CUST50196,2024-08-20,Delhi,East,37,Female,Doctor,14,1720969,450,Education,4804399,120,8.14,43295.64,56.3,50.2,High,Active,No,Married,2,0
LN100197,CUST50197,2026-04-26,Hyderabad,East,51,Female,Manager,13,610663,650,Auto,789816,60,9.8,14453.63,49.5,61.2,Medium,Active,No,Married,0,0
LN100198,CUST50198,2025-04-02,Hyderabad,West,52,Female,Analyst,35,2089433,616,Home,1505778,180,16.09,9711.43,26.4,41.4,High,Active,No,Single,4,0
LN100199,CUST50199,2024-04-03,Delhi,North,26,Female,Engineer,6,334945,508,Medical,3067694,12,16.28,297259.55,40.4,88.8,High,Active,Yes,Married,2,0
LN100200,CUST50200,2023-09-26,Mumbai,North,26,Female,Teacher,25,1785444,595,Personal,4373980,180,14.1,27726.17,59.5,66.9,High,Delinquent,Yes,Married,0,0
LN100201,CUST50201,2025-09-28,Delhi,West,39,Female,Teacher,7,2427376,520,Medical,1911129,36,16.32,61750.7,16.1,55.8,High,Active,Yes,Single,3,0
LN100202,CUST50202,2025-04-05,Mumbai,North,61,Female,Engineer,21,2117845,816,Debt Consolidation,457922,48,15.91,11057.86,23.1,49.7,Low,Active,Yes,Single,4,0
LN100203,CUST50203,2025-03-03,Delhi,East,39,Male,Engineer,23,1629248,779,Auto,1851651,24,12.49,86788.43,53.7,60.6,Low,Active,No,Single,4,0
LN100204,CUST50204,2024-07-30,Mumbai,East,23,Female,Engineer,15,1476344,795,Education,3114636,12,13.11,293580.4,9.7,76.5,Low,Active,Yes,Married,0,0
LN100205,CUST50205,2024-11-22,Hyderabad,South,24,Female,Engineer,13,1783364,617,Auto,1371022,12,8.33,123769.01,48.5,80.3,High,Delinquent,Yes,Married,3,0
LN100206,CUST50206,2024-07-14,Bengaluru,West,56,Female,Clerk,11,655896,493,Auto,1508441,60,17.99,29663.49,39.2,45.2,High,Defaulted,Yes,Single,3,1
LN100207,CUST50207,2025-07-10,Mumbai,South,26,Male,Doctor,17,1404083,541,Debt Consolidation,2379970,120,14.68,22744.58,25.6,63.4,High,Delinquent,No,Married,4,0
LN100208,CUST50208,2025-01-23,Hyderabad,North,47,Male,Manager,0,1726943,471,Medical,83325,48,17.7,2043.2,49.0,81.1,High,Delinquent,No,Single,4,0
LN100209,CUST50209,2025-08-18,Kolkata,North,58,Female,Engineer,23,431827,825,Medical,3588867,36,14.71,114355.26,18.9,79.8,Low,Paid,No,Single,0,0
LN100210,CUST50210,2024-07-10,Mumbai,East,63,Male,Self-employed,7,1840872,716,Personal,1813439,120,16.05,17537.47,56.8,52.3,Medium,Defaulted,No,Married,4,1
LN100211,CUST50211,2026-02-15,Hyderabad,East,37,Male,Manager,33,2412793,480,Education,4571232,24,11.09,211590.9,11.1,57.7,High,Defaulted,Yes,Single,4,1
LN100212,CUST50212,2023-10-29,Hyderabad,South,65,Female,Teacher,31,706173,609,Medical,3606242,12,11.16,334058.22,11.2,60.3,High,Active,Yes,Married,3,0
LN100213,CUST50213,2024-11-27,Kolkata,East,60,Female,Self-employed,3,1929917,745,Debt Consolidation,4910181,36,7.34,146405.23,27.0,64.9,Medium,Paid,No,Single,0,0
LN100214,CUST50214,2026-05-11,Pune,South,30,Female,Clerk,31,1352411,629,Debt Consolidation,4994587,84,17.47,69846.92,26.1,70.9,High,Defaulted,No,Married,0,1
LN100215,CUST50215,2025-07-02,Hyderabad,North,25,Male,Manager,34,1752772,633,Education,3600140,240,10.09,16514.14,39.5,83.4,High,Defaulted,No,Married,1,1
LN100216,CUST50216,2025-12-16,Pune,South,64,Male,Analyst,21,1370039,506,Medical,2641198,60,17.61,51771.88,34.3,68.0,High,Defaulted,No,Single,1,1
LN100217,CUST50217,2024-10-14,Pune,North,31,Female,Analyst,33,1034303,790,Personal,3085619,180,12.64,19309.12,10.6,87.7,Low,Active,No,Married,0,0
LN100218,CUST50218,2024-04-07,Hyderabad,South,53,Male,Manager,15,1803507,710,Auto,2190973,240,6.65,9736.14,23.7,69.1,Medium,Paid,No,Married,0,0
LN100219,CUST50219,2024-12-15,Pune,North,40,Female,Doctor,25,1922653,462,Medical,2876967,36,11.34,88978.2,46.1,78.8,High,Delinquent,No,Married,4,0
LN100220,CUST50220,2025-08-21,Delhi,South,38,Female,Manager,15,2497421,626,Home,4644463,180,12.88,29125.94,48.2,67.4,High,Delinquent,No,Single,2,0
LN100221,CUST50221,2026-04-05,Bengaluru,East,30,Female,Analyst,13,1578392,741,Medical,935367,60,8.78,16958.2,13.3,51.8,Medium,Paid,Yes,Single,3,0
LN100222,CUST50222,2025-12-20,Mumbai,North,41,Male,Self-employed,12,2084064,830,Education,299162,36,9.89,9131.92,40.1,41.8,Low,Paid,Yes,Single,1,0
LN100223,CUST50223,2026-04-06,Mumbai,West,50,Female,Analyst,34,445765,591,Business,4144974,84,6.97,52784.27,57.8,61.4,High,Active,Yes,Married,4,0
LN100224,CUST50224,2023-10-17,Bengaluru,South,55,Male,Doctor,30,927232,751,Education,519047,24,7.6,23270.61,45.3,78.7,Low,Paid,Yes,Married,0,0
LN100225,CUST50225,2026-02-07,Delhi,West,58,Female,Clerk,32,2466298,475,Personal,3742797,36,13.59,118095.64,17.0,42.9,High,Active,Yes,Single,3,0
LN100226,CUST50226,2024-03-02,Bengaluru,South,34,Male,Analyst,19,1882029,728,Debt Consolidation,408769,12,10.77,37732.79,43.2,40.9,Medium,Active,No,Single,3,0
LN100227,CUST50227,2024-06-26,Hyderabad,West,54,Male,Manager,15,1173501,661,Debt Consolidation,2398246,84,12.43,32099.38,9.8,63.6,Medium,Active,Yes,Single,4,0
LN100228,CUST50228,2025-04-16,Delhi,West,65,Female,Manager,33,342927,799,Medical,3110782,24,6.51,138053.91,45.5,51.8,Low,Active,No,Married,4,0
LN100229,CUST50229,2026-01-25,Bengaluru,South,21,Male,Clerk,18,1523921,732,Personal,1156430,24,13.19,54540.13,49.9,63.5,Medium,Active,No,Single,0,0
LN100230,CUST50230,2024-10-17,Delhi,East,37,Male,Engineer,1,1868340,838,Auto,2459989,60,8.0,44279.8,56.9,50.8,Low,Paid,Yes,Single,2,0
LN100231,CUST50231,2025-02-13,Delhi,South,44,Male,Teacher,27,461142,843,Business,3165971,180,7.74,18950.1,58.0,69.3,Low,Paid,No,Single,2,0
LN100232,CUST50232,2024-03-30,Chennai,South,34,Female,Doctor,0,1734288,803,Education,333061,12,10.25,30599.98,57.5,94.0,Low,Active,No,Married,2,0
LN100233,CUST50233,2025-12-01,Kolkata,West,34,Male,Clerk,18,1799278,815,Medical,2304817,120,9.43,21018.01,14.1,94.6,Low,Paid,Yes,Single,3,0
LN100234,CUST50234,2024-01-22,Hyderabad,North,38,Male,Manager,7,809145,850,Debt Consolidation,1881966,180,13.35,11851.16,11.5,48.4,Low,Paid,Yes,Single,3,0
LN100235,CUST50235,2025-02-14,Delhi,East,24,Male,Self-employed,22,1142409,525,Home,4413861,120,7.71,39618.08,40.5,45.2,High,Delinquent,No,Single,1,0
LN100236,CUST50236,2026-04-18,Mumbai,South,36,Male,Self-employed,33,1325469,537,Business,4863893,12,9.68,444559.82,49.5,57.2,High,Delinquent,Yes,Single,2,0
LN100237,CUST50237,2025-06-01,Kolkata,East,21,Male,Clerk,14,755941,606,Auto,1466942,12,10.82,135472.09,34.2,41.8,High,Delinquent,No,Married,2,0
LN100238,CUST50238,2025-09-25,Mumbai,North,28,Female,Engineer,17,523783,509,Home,1000653,120,14.81,9573.75,48.2,46.0,High,Defaulted,No,Married,2,1
LN100239,CUST50239,2023-09-18,Chennai,North,31,Female,Teacher,10,2398961,724,Business,4531525,240,13.7,21468.1,46.4,66.6,Medium,Active,No,Single,1,0
LN100240,CUST50240,2024-03-26,Delhi,South,46,Male,Clerk,1,1349643,812,Education,4981073,12,10.88,460251.15,36.2,61.2,Low,Delinquent,Yes,Married,2,0
LN100241,CUST50241,2025-11-23,Hyderabad,North,46,Female,Doctor,11,964469,772,Auto,3118202,48,8.97,70789.68,37.6,81.3,Low,Paid,Yes,Married,4,0
LN100242,CUST50242,2024-01-20,Delhi,West,31,Female,Teacher,3,1464513,837,Personal,3648032,48,15.6,87856.77,37.9,44.2,Low,Paid,No,Married,4,0
LN100243,CUST50243,2025-01-29,Mumbai,West,57,Female,Self-employed,30,360814,695,Auto,1976192,36,10.74,60789.86,36.1,40.2,Medium,Delinquent,No,Married,1,0
LN100244,CUST50244,2024-02-02,Mumbai,North,44,Male,Self-employed,5,2261099,836,Personal,175674,60,9.49,3205.76,15.1,62.2,Low,Active,No,Married,2,0
LN100245,CUST50245,2023-07-17,Delhi,West,55,Male,Teacher,32,529389,530,Personal,1451225,48,9.95,33242.12,8.1,56.4,High,Active,No,Single,2,0
LN100246,CUST50246,2025-08-06,Delhi,East,45,Female,Teacher,9,946611,709,Education,922028,240,7.71,4137.98,31.6,72.6,Medium,Defaulted,No,Single,2,1
LN100247,CUST50247,2025-05-29,Kolkata,West,49,Female,Self-employed,31,1530212,732,Education,1737765,48,7.18,38802.84,21.2,60.9,Medium,Active,No,Single,0,0
LN100248,CUST50248,2025-07-27,Hyderabad,South,55,Male,Manager,21,1693028,655,Personal,126864,240,14.16,603.45,9.3,73.2,Medium,Delinquent,Yes,Married,2,0
LN100249,CUST50249,2025-06-15,Chennai,South,35,Male,Clerk,19,843096,715,Home,3052079,24,12.03,142468.5,52.8,54.8,Medium,Delinquent,No,Married,1,0
LN100250,CUST50250,2024-07-28,Hyderabad,North,28,Female,Self-employed,26,1663653,601,Debt Consolidation,4926215,240,14.79,23561.68,43.9,89.0,High,Defaulted,Yes,Married,4,1
LN100251,CUST50251,2023-07-10,Kolkata,East,41,Male,Clerk,6,1686241,734,Personal,771595,48,10.72,17798.12,44.3,47.0,Medium,Active,No,Single,2,0
LN100252,CUST50252,2024-04-28,Bengaluru,South,61,Female,Clerk,30,1552156,767,Auto,2211090,60,14.48,42187.6,18.1,59.1,Low,Paid,Yes,Married,3,0
LN100253,CUST50253,2025-03-11,Delhi,South,46,Female,Teacher,9,1109503,846,Home,3000748,180,7.8,17971.15,25.4,55.9,Low,Paid,Yes,Single,1,0
LN100254,CUST50254,2025-12-18,Pune,East,50,Female,Self-employed,13,880350,537,Personal,1659882,180,6.87,9855.09,18.3,60.0,High,Defaulted,No,Married,4,1
LN100255,CUST50255,2025-08-02,Delhi,North,57,Female,Clerk,24,987171,766,Education,1937474,12,15.06,185771.47,33.5,72.2,Low,Paid,No,Single,2,0
LN100256,CUST50256,2025-05-22,Delhi,North,52,Female,Clerk,27,685931,654,Auto,2149346,240,15.51,10344.62,31.3,91.4,Medium,Active,Yes,Married,1,0
LN100257,CUST50257,2023-11-26,Delhi,South,36,Female,Teacher,30,1193955,793,Business,4503085,12,15.98,435223.17,6.6,42.4,Low,Paid,No,Married,4,0
LN100258,CUST50258,2026-05-19,Kolkata,West,57,Female,Analyst,14,192184,574,Auto,1916772,24,15.2,92005.06,42.6,54.7,High,Active,Yes,Married,2,0
LN100259,CUST50259,2024-10-31,Mumbai,North,60,Male,Manager,25,293168,564,Medical,3090873,180,13.44,19479.37,48.1,59.3,High,Delinquent,No,Single,3,0
LN100260,CUST50260,2024-10-27,Bengaluru,West,22,Male,Analyst,28,2282512,673,Medical,3001839,60,8.15,54108.15,50.2,49.7,Medium,Paid,Yes,Single,2,0
LN100261,CUST50261,2023-11-09,Chennai,North,54,Female,Teacher,29,2144902,475,Business,4528868,24,17.06,220895.54,5.1,87.3,High,Delinquent,Yes,Married,0,0
LN100262,CUST50262,2025-01-21,Hyderabad,South,29,Female,Doctor,8,573748,832,Home,3040790,240,7.59,13631.61,11.6,66.7,Low,Paid,No,Single,4,0
LN100263,CUST50263,2025-01-04,Delhi,East,63,Female,Engineer,27,1227238,844,Personal,1836798,180,15.33,11768.77,14.9,45.9,Low,Active,No,Married,0,0
LN100264,CUST50264,2023-11-10,Delhi,North,34,Male,Analyst,11,2139278,725,Debt Consolidation,1382796,24,6.53,61378.86,31.0,43.0,Medium,Active,No,Married,0,0
LN100265,CUST50265,2024-08-01,Mumbai,East,56,Male,Teacher,26,2033521,644,Home,4101197,12,11.49,381035.38,14.4,49.9,High,Defaulted,No,Single,2,1
LN100266,CUST50266,2025-10-26,Chennai,North,57,Female,Self-employed,31,1478625,657,Education,1825676,84,13.17,24596.64,27.2,81.3,Medium,Active,Yes,Single,1,0
LN100267,CUST50267,2025-08-19,Hyderabad,West,46,Female,Manager,4,1934944,810,Medical,1290987,60,6.51,22917.17,58.1,87.9,Low,Paid,No,Single,1,0
LN100268,CUST50268,2025-06-27,Pune,West,62,Male,Analyst,34,2305515,476,Personal,1762519,60,15.44,33910.87,22.1,47.0,High,Active,No,Single,2,0
LN100269,CUST50269,2023-09-10,Bengaluru,West,62,Male,Manager,1,1957024,592,Debt Consolidation,1342529,36,12.74,42043.53,48.1,74.4,High,Defaulted,No,Married,3,1
LN100270,CUST50270,2024-04-17,Kolkata,West,28,Male,Clerk,12,1504998,809,Home,4368315,12,16.4,423726.55,52.5,42.4,Low,Active,Yes,Single,0,0
LN100271,CUST50271,2025-11-20,Delhi,East,49,Male,Engineer,32,2253564,644,Home,3569614,36,8.23,107316.48,27.0,58.3,High,Delinquent,Yes,Married,1,0
LN100272,CUST50272,2025-05-03,Hyderabad,South,53,Female,Manager,24,1950945,570,Home,2548392,84,10.25,33447.65,37.0,88.6,High,Active,No,Married,4,0
LN100273,CUST50273,2025-01-13,Delhi,East,35,Male,Self-employed,2,2436132,721,Medical,3018973,36,17.48,98519.15,51.6,77.3,Medium,Active,No,Single,0,0
LN100274,CUST50274,2024-11-19,Delhi,North,24,Female,Self-employed,8,527464,635,Personal,923224,180,8.12,5545.5,46.2,57.6,High,Paid,Yes,Married,2,0
LN100275,CUST50275,2025-02-04,Bengaluru,North,21,Male,Self-employed,10,496554,479,Auto,2986060,60,17.03,58243.1,15.5,85.4,High,Active,No,Single,3,0
LN100276,CUST50276,2023-12-28,Bengaluru,West,62,Female,Analyst,22,1507482,819,Home,2471507,36,12.0,76891.33,21.7,81.5,Low,Delinquent,Yes,Single,2,0
LN100277,CUST50277,2023-11-01,Bengaluru,North,40,Female,Manager,6,1274823,632,Personal,4814196,12,11.37,446797.51,29.3,50.1,High,Active,Yes,Married,0,0
LN100278,CUST50278,2023-09-17,Chennai,South,48,Male,Doctor,22,2277520,839,Home,799721,36,17.21,26037.58,35.2,85.7,Low,Paid,No,Single,0,0
LN100279,CUST50279,2023-10-03,Mumbai,East,30,Male,Clerk,19,1001779,482,Personal,2314073,12,14.51,220820.42,53.4,80.7,High,Defaulted,No,Married,2,1
LN100280,CUST50280,2023-08-10,Pune,West,32,Female,Teacher,27,494118,536,Auto,4490060,60,9.03,81591.87,10.5,56.0,High,Defaulted,Yes,Married,0,1
LN100281,CUST50281,2025-12-07,Kolkata,South,24,Female,Analyst,15,432179,832,Education,641302,60,12.46,12020.14,56.6,80.7,Low,Paid,Yes,Married,3,0
LN100282,CUST50282,2026-07-06,Chennai,North,32,Male,Doctor,7,1014188,530,Medical,2408461,180,15.07,15396.76,24.2,80.3,High,Paid,Yes,Married,4,0
LN100283,CUST50283,2025-03-26,Chennai,South,46,Female,Self-employed,1,1525045,563,Education,1361209,84,12.54,18236.96,22.8,80.9,High,Defaulted,No,Single,0,1
LN100284,CUST50284,2025-11-09,Kolkata,North,51,Female,Self-employed,23,2222518,586,Medical,2560455,180,7.42,15280.23,6.4,51.7,High,Delinquent,No,Single,4,0
LN100285,CUST50285,2023-09-23,Kolkata,North,23,Female,Teacher,10,2444372,791,Personal,2451167,240,6.74,10901.57,30.1,57.1,Low,Active,No,Single,0,0
LN100286,CUST50286,2024-07-11,Delhi,East,28,Male,Manager,14,560596,719,Auto,4852080,240,12.91,22827.01,29.6,94.8,Medium,Defaulted,No,Married,1,1
LN100287,CUST50287,2023-12-19,Hyderabad,West,27,Female,Engineer,26,541825,490,Medical,2463753,84,16.36,34128.85,21.2,58.6,High,Active,Yes,Single,0,0
LN100288,CUST50288,2025-03-26,Bengaluru,North,30,Female,Analyst,24,1792701,534,Business,3894494,240,7.36,17421.37,18.4,61.3,High,Active,Yes,Single,4,0
LN100289,CUST50289,2025-04-20,Mumbai,North,60,Male,Teacher,20,558372,776,Education,562346,12,11.32,52166.96,21.0,45.9,Low,Paid,Yes,Married,3,0
LN100290,CUST50290,2025-05-04,Pune,East,48,Male,Clerk,13,1820013,688,Business,1303619,48,8.4,29440.06,46.3,58.0,Medium,Active,No,Single,0,0
LN100291,CUST50291,2024-02-22,Bengaluru,North,55,Female,Doctor,18,716153,812,Home,1731988,120,10.69,15976.15,18.4,72.7,Low,Delinquent,Yes,Married,1,0
LN100292,CUST50292,2025-07-03,Chennai,North,45,Female,Doctor,26,628455,721,Debt Consolidation,3049182,36,9.93,93110.16,38.3,82.0,Medium,Defaulted,No,Single,2,1
LN100293,CUST50293,2026-05-21,Kolkata,South,29,Female,Clerk,10,2028167,544,Medical,2008252,60,8.11,36185.35,11.2,72.3,High,Defaulted,Yes,Married,2,1
LN100294,CUST50294,2025-03-09,Pune,West,60,Female,Manager,6,1326840,478,Medical,4295588,48,7.23,95961.65,40.1,45.7,High,Active,Yes,Single,1,0
LN100295,CUST50295,2025-09-24,Chennai,South,24,Female,Analyst,12,2041338,726,Auto,2940393,12,7.11,262454.58,57.8,50.7,Medium,Active,Yes,Married,2,0
LN100296,CUST50296,2023-07-20,Delhi,West,59,Female,Self-employed,4,1947417,622,Medical,1188295,60,8.07,21403.17,35.0,45.5,High,Active,Yes,Single,1,0
LN100297,CUST50297,2023-11-14,Kolkata,South,43,Male,Doctor,8,1611352,629,Debt Consolidation,2185960,48,17.55,53533.25,15.5,81.6,High,Active,No,Married,2,0
LN100298,CUST50298,2025-06-12,Delhi,West,51,Female,Self-employed,30,1792809,587,Debt Consolidation,4944848,180,7.01,29397.12,25.9,64.1,High,Active,Yes,Single,3,0
LN100299,CUST50299,2026-02-15,Delhi,South,39,Female,Engineer,31,2115674,591,Medical,4097541,48,14.91,98093.42,34.6,49.5,High,Active,Yes,Married,0,0
LN100300,CUST50300,2025-03-11,Mumbai,South,24,Female,Self-employed,18,755924,655,Home,4280275,180,17.86,28026.29,38.9,63.2,Medium,Defaulted,Yes,Single,3,1
LN100301,CUST50301,2024-07-18,Pune,South,47,Male,Manager,5,540054,833,Business,393739,24,16.43,19101.26,35.2,77.1,Low,Delinquent,No,Married,2,0
LN100302,CUST50302,2026-02-20,Kolkata,East,47,Male,Self-employed,26,1827486,492,Education,597796,36,9.31,18151.41,45.1,42.3,High,Paid,Yes,Single,0,0
LN100303,CUST50303,2024-02-02,Pune,West,52,Female,Self-employed,30,2280972,504,Auto,1484735,240,12.61,6966.5,44.7,93.6,High,Delinquent,No,Married,3,0
LN100304,CUST50304,2024-01-14,Pune,East,59,Male,Engineer,6,837305,638,Education,3491447,240,8.34,15760.97,18.7,68.8,High,Active,No,Married,1,0
LN100305,CUST50305,2025-04-09,Bengaluru,North,44,Female,Analyst,9,1776547,745,Personal,2902360,36,13.75,91706.51,35.7,65.9,Medium,Active,Yes,Single,3,0
LN100306,CUST50306,2023-12-07,Hyderabad,North,22,Female,Manager,30,1976299,598,Home,2872871,60,15.9,55494.29,40.7,92.0,High,Active,Yes,Married,3,0
LN100307,CUST50307,2025-07-28,Kolkata,North,65,Male,Self-employed,30,278971,669,Business,2467103,24,9.28,112335.42,47.3,88.4,Medium,Active,Yes,Single,2,0
LN100308,CUST50308,2024-08-29,Chennai,South,57,Male,Self-employed,26,1219309,490,Business,4657528,180,17.4,30377.43,29.6,54.1,High,Defaulted,No,Single,1,1
LN100309,CUST50309,2025-05-25,Delhi,North,45,Female,Self-employed,1,1388767,460,Medical,3922362,180,14.52,24954.94,9.8,83.4,High,Delinquent,Yes,Married,1,0
LN100310,CUST50310,2024-05-27,Mumbai,West,41,Male,Teacher,28,1674832,746,Debt Consolidation,353457,60,14.58,6749.85,24.9,65.7,Medium,Defaulted,Yes,Single,2,1
LN100311,CUST50311,2025-08-14,Kolkata,East,26,Male,Analyst,4,1483884,602,Personal,4454319,36,12.0,138578.81,59.5,62.8,High,Paid,Yes,Single,4,0
LN100312,CUST50312,2025-06-07,Hyderabad,South,48,Female,Teacher,20,1182190,486,Medical,3795651,36,17.88,124286.48,49.0,44.2,High,Defaulted,No,Single,0,1
LN100313,CUST50313,2024-12-04,Pune,North,60,Male,Self-employed,20,2318210,488,Business,1254458,84,7.06,15988.37,42.3,77.7,High,Paid,Yes,Married,0,0
LN100314,CUST50314,2025-08-13,Bengaluru,West,31,Female,Analyst,0,394626,748,Business,3371340,240,17.13,16453.54,20.8,75.6,Medium,Active,Yes,Single,2,0
LN100315,CUST50315,2024-06-09,Delhi,West,51,Male,Manager,29,2117562,559,Business,2643687,84,14.07,35900.64,14.9,85.3,High,Active,No,Married,2,0
LN100316,CUST50316,2026-02-23,Hyderabad,West,41,Female,Engineer,28,1046212,603,Debt Consolidation,1765768,180,13.51,11135.13,35.6,42.4,High,Defaulted,Yes,Married,1,1
LN100317,CUST50317,2023-09-11,Chennai,South,48,Male,Manager,28,819053,650,Home,3780353,36,10.26,115783.81,42.5,65.2,Medium,Active,No,Single,4,0
LN100318,CUST50318,2023-11-03,Pune,East,49,Male,Clerk,28,1633476,501,Home,4252662,120,6.13,37611.25,57.4,52.5,High,Active,Yes,Single,2,0
LN100319,CUST50319,2024-06-03,Mumbai,North,34,Female,Teacher,16,987475,602,Business,1976306,36,11.8,61375.28,46.0,87.6,High,Delinquent,No,Single,0,0
LN100320,CUST50320,2025-08-08,Chennai,East,47,Female,Doctor,6,767518,801,Debt Consolidation,3599801,240,7.92,16187.11,22.8,71.6,Low,Active,No,Single,1,0
LN100321,CUST50321,2026-05-16,Kolkata,South,36,Male,Manager,35,986242,826,Debt Consolidation,1648028,36,15.98,53093.97,38.2,56.5,Low,Delinquent,No,Married,2,0
LN100322,CUST50322,2024-07-27,Pune,North,28,Female,Manager,5,2067345,503,Education,2008364,84,11.54,26668.2,51.7,51.0,High,Active,Yes,Married,0,0
LN100323,CUST50323,2024-11-21,Bengaluru,North,60,Female,Clerk,34,1483948,612,Education,2515424,60,6.71,44736.82,19.4,74.0,High,Active,Yes,Single,0,0
LN100324,CUST50324,2025-02-06,Hyderabad,North,48,Female,Engineer,30,961284,750,Education,4018073,240,6.1,17763.23,26.9,63.5,Low,Defaulted,No,Single,1,1
LN100325,CUST50325,2024-09-25,Kolkata,South,48,Female,Engineer,23,2458372,816,Auto,3725026,36,16.78,120835.7,24.3,78.8,Low,Paid,Yes,Single,0,0
LN100326,CUST50326,2024-12-24,Mumbai,East,49,Female,Manager,23,1108437,472,Debt Consolidation,3226515,36,17.51,105318.83,21.1,48.3,High,Paid,No,Single,2,0
LN100327,CUST50327,2024-10-14,Hyderabad,South,48,Female,Self-employed,12,1733859,774,Business,701673,120,17.21,6853.59,47.3,47.2,Low,Active,Yes,Single,0,0
LN100328,CUST50328,2026-05-12,Pune,South,48,Female,Doctor,23,1586360,515,Education,252680,180,15.47,1620.94,58.2,52.8,High,Active,Yes,Married,3,0
LN100329,CUST50329,2025-11-16,Mumbai,North,58,Male,Engineer,2,2094189,599,Personal,2642976,12,12.88,248615.94,47.5,56.9,High,Delinquent,Yes,Single,1,0
LN100330,CUST50330,2026-01-24,Pune,South,57,Male,Manager,29,868101,622,Education,1581769,48,14.23,37642.81,58.5,55.7,High,Defaulted,Yes,Married,0,1
LN100331,CUST50331,2024-06-03,Mumbai,South,54,Female,Engineer,31,508585,478,Home,146106,12,8.43,13201.89,20.6,56.8,High,Delinquent,No,Single,3,0
LN100332,CUST50332,2024-03-19,Mumbai,West,32,Male,Clerk,4,1290776,749,Medical,1850554,60,11.33,34337.03,39.2,51.4,Medium,Defaulted,Yes,Single,2,1
LN100333,CUST50333,2023-09-30,Chennai,East,21,Female,Engineer,15,1978911,755,Debt Consolidation,1306165,240,11.89,6089.45,54.6,93.0,Low,Active,Yes,Married,0,0
LN100334,CUST50334,2025-09-29,Mumbai,North,45,Female,Self-employed,6,441049,596,Business,2161694,84,9.58,28199.81,19.0,71.3,High,Defaulted,No,Married,3,1
LN100335,CUST50335,2025-07-09,Pune,North,44,Female,Engineer,17,1911907,637,Business,3095433,84,15.08,42407.43,44.8,69.9,High,Delinquent,Yes,Married,1,0
LN100336,CUST50336,2026-03-27,Delhi,West,61,Male,Self-employed,11,1774863,673,Personal,2330623,36,15.95,75065.48,27.2,57.0,Medium,Active,Yes,Single,2,0
LN100337,CUST50337,2025-11-25,Kolkata,East,39,Male,Engineer,12,899876,510,Medical,1923648,120,7.21,17186.19,42.0,72.3,High,Active,Yes,Married,1,0
LN100338,CUST50338,2025-11-17,Kolkata,South,57,Male,Clerk,12,345625,456,Education,2656368,120,14.31,25304.12,31.5,55.5,High,Active,Yes,Single,0,0
LN100339,CUST50339,2024-04-19,Mumbai,South,43,Male,Clerk,15,2057452,745,Home,2175344,84,16.66,30211.38,29.6,64.4,Medium,Paid,Yes,Married,3,0
LN100340,CUST50340,2023-10-21,Kolkata,East,44,Male,Analyst,5,513023,524,Home,3655892,120,7.91,32875.61,12.3,55.3,High,Delinquent,No,Married,2,0
LN100341,CUST50341,2026-01-11,Hyderabad,South,45,Male,Teacher,14,1455927,767,Medical,3835934,60,13.54,72588.66,27.8,81.4,Low,Defaulted,Yes,Married,4,1
LN100342,CUST50342,2024-07-27,Hyderabad,North,62,Female,Manager,26,404872,493,Business,1943515,180,9.91,11867.32,33.2,61.4,High,Active,No,Married,3,0
LN100343,CUST50343,2024-07-21,Mumbai,West,52,Male,Self-employed,19,673487,752,Home,4841099,84,13.32,65308.73,42.2,47.8,Low,Active,No,Married,0,0
LN100344,CUST50344,2024-03-07,Hyderabad,North,38,Female,Analyst,30,1272307,579,Auto,1741959,12,11.82,162321.55,26.4,60.9,High,Delinquent,Yes,Married,0,0
LN100345,CUST50345,2024-07-03,Bengaluru,South,53,Female,Teacher,27,2208171,548,Home,3627416,120,13.94,34442.31,46.3,48.3,High,Defaulted,Yes,Single,0,1
LN100346,CUST50346,2024-01-19,Bengaluru,East,25,Female,Self-employed,10,1726440,649,Medical,1390307,60,9.2,25303.59,47.3,56.1,High,Delinquent,No,Single,3,0
LN100347,CUST50347,2025-04-29,Kolkata,North,21,Female,Manager,14,486386,650,Home,3137562,120,11.97,29276.07,5.2,49.4,Medium,Active,Yes,Married,4,0
LN100348,CUST50348,2023-10-07,Mumbai,North,33,Female,Manager,16,1643706,687,Personal,383967,12,8.69,34777.81,47.6,69.4,Medium,Active,Yes,Single,4,0
LN100349,CUST50349,2026-01-27,Mumbai,West,37,Female,Engineer,17,802812,785,Auto,410548,36,9.11,12443.03,41.0,50.6,Low,Paid,No,Married,3,0
LN100350,CUST50350,2025-02-06,Kolkata,South,22,Female,Analyst,24,221540,574,Debt Consolidation,1363042,240,14.48,6501.71,43.6,58.3,High,Defaulted,No,Married,0,1
LN100351,CUST50351,2023-08-31,Delhi,East,29,Female,Clerk,15,1001435,831,Auto,2274341,36,9.55,69209.46,17.4,63.0,Low,Paid,Yes,Married,4,0
LN100352,CUST50352,2024-07-02,Mumbai,South,42,Female,Manager,27,1109050,690,Education,195900,36,6.53,5797.01,17.0,64.2,Medium,Paid,No,Single,4,0
LN100353,CUST50353,2025-04-10,Kolkata,East,61,Male,Engineer,5,1784637,482,Personal,3858127,84,14.87,52759.89,39.9,75.3,High,Delinquent,Yes,Married,2,0
LN100354,CUST50354,2024-09-24,Bengaluru,West,34,Male,Self-employed,18,1178408,743,Business,980124,48,10.02,22465.26,51.0,67.8,Medium,Active,Yes,Single,2,0
LN100355,CUST50355,2024-01-04,Mumbai,West,65,Male,Self-employed,0,244209,768,Personal,3432781,48,7.17,76643.99,9.7,92.9,Low,Delinquent,Yes,Single,2,0
LN100356,CUST50356,2024-11-24,Delhi,West,42,Female,Doctor,13,832403,839,Education,3641375,240,10.89,16824.67,7.7,42.8,Low,Active,Yes,Single,2,0
LN100357,CUST50357,2025-12-20,Hyderabad,East,25,Male,Analyst,34,497031,591,Business,1462474,48,15.89,35309.61,29.4,56.7,High,Active,No,Single,4,0
LN100358,CUST50358,2025-05-02,Mumbai,South,33,Female,Analyst,7,1261355,787,Debt Consolidation,3949916,48,10.96,91308.89,31.2,63.7,Low,Paid,Yes,Married,0,0
LN100359,CUST50359,2023-11-09,Kolkata,East,51,Female,Manager,31,826509,603,Debt Consolidation,3803790,180,17.79,24891.58,56.9,55.9,High,Active,No,Single,1,0
LN100360,CUST50360,2024-02-22,Delhi,South,48,Female,Teacher,12,1916481,833,Debt Consolidation,432847,48,9.67,9889.65,28.7,93.7,Low,Active,Yes,Single,4,0
LN100361,CUST50361,2024-01-18,Delhi,North,26,Male,Clerk,7,936409,514,Debt Consolidation,3438951,84,13.32,46393.09,37.8,50.5,High,Defaulted,No,Married,4,1
LN100362,CUST50362,2025-10-18,Chennai,North,63,Male,Engineer,5,1368893,671,Home,1249123,60,12.65,23452.28,31.1,77.8,Medium,Paid,Yes,Married,2,0
LN100363,CUST50363,2025-11-22,Delhi,South,52,Male,Manager,20,633099,662,Debt Consolidation,126766,48,16.03,3064.3,34.6,55.7,Medium,Paid,Yes,Married,0,0
LN100364,CUST50364,2026-02-21,Kolkata,North,21,Male,Clerk,35,1134583,681,Medical,2816599,24,6.17,124599.3,58.3,72.0,Medium,Paid,No,Married,4,0
LN100365,CUST50365,2025-05-09,Kolkata,West,40,Male,Doctor,15,544262,516,Debt Consolidation,4019144,12,6.61,357067.45,14.3,88.5,High,Defaulted,Yes,Married,0,1
LN100366,CUST50366,2024-09-04,Mumbai,South,36,Male,Clerk,14,1104947,464,Debt Consolidation,2709714,84,10.85,35758.55,43.1,60.4,High,Delinquent,No,Single,3,0
LN100367,CUST50367,2023-07-28,Pune,South,37,Female,Manager,12,1132333,794,Personal,52334,84,12.63,701.71,15.6,71.4,Low,Active,No,Single,4,0
LN100368,CUST50368,2025-04-15,Pune,East,23,Male,Teacher,26,2004258,613,Debt Consolidation,3621481,240,10.9,16734.26,58.4,65.8,High,Active,No,Married,3,0
LN100369,CUST50369,2024-12-17,Delhi,West,55,Male,Self-employed,21,289538,842,Debt Consolidation,2572170,36,12.15,80130.24,14.2,93.3,Low,Active,Yes,Single,2,0
LN100370,CUST50370,2026-06-03,Mumbai,North,35,Female,Manager,18,1684232,702,Education,4425506,180,9.06,26813.65,17.3,88.2,Medium,Defaulted,No,Single,2,1
LN100371,CUST50371,2025-10-03,Chennai,West,24,Male,Engineer,23,1929310,591,Personal,2384491,24,10.24,109527.62,13.9,72.0,High,Defaulted,Yes,Single,2,1
LN100372,CUST50372,2025-02-14,Hyderabad,West,53,Female,Self-employed,6,1232976,829,Business,111470,36,16.08,3594.29,45.8,40.6,Low,Defaulted,No,Single,3,1
LN100373,CUST50373,2024-10-24,Mumbai,South,45,Female,Engineer,15,1622602,800,Personal,2358093,240,7.73,10584.89,41.9,66.3,Low,Active,No,Married,2,0
LN100374,CUST50374,2023-11-12,Pune,East,32,Female,Engineer,15,2034981,816,Business,2746433,240,17.83,13483.84,10.4,68.9,Low,Paid,No,Married,2,0
LN100375,CUST50375,2023-10-05,Pune,South,28,Female,Teacher,22,1306442,467,Debt Consolidation,1443065,24,16.33,69946.56,22.8,84.4,High,Delinquent,No,Single,4,0
LN100376,CUST50376,2025-06-02,Bengaluru,East,47,Male,Self-employed,35,1112088,515,Medical,4960890,60,7.57,88940.49,33.8,85.2,High,Active,No,Single,4,0
LN100377,CUST50377,2024-11-07,Hyderabad,North,30,Male,Doctor,22,2055321,485,Debt Consolidation,186780,180,9.83,1139.67,38.9,77.8,High,Delinquent,No,Married,1,0
LN100378,CUST50378,2026-05-11,Chennai,North,28,Female,Clerk,11,1552685,825,Education,4233462,48,16.21,102493.88,34.2,63.1,Low,Delinquent,No,Single,3,0
LN100379,CUST50379,2026-02-09,Delhi,South,56,Male,Engineer,1,261958,648,Auto,1831566,60,9.38,33389.45,12.2,64.5,High,Delinquent,No,Married,4,0
LN100380,CUST50380,2025-07-18,Hyderabad,South,36,Female,Clerk,6,1179353,705,Medical,1234415,84,8.92,16006.25,46.1,42.6,Medium,Delinquent,No,Single,2,0
LN100381,CUST50381,2024-11-22,Pune,West,28,Male,Doctor,0,643964,471,Business,3528094,60,10.35,64887.53,11.9,69.5,High,Delinquent,Yes,Married,3,0
LN100382,CUST50382,2024-04-21,Delhi,North,24,Female,Clerk,14,2379327,689,Education,3729541,240,16.04,18032.33,8.5,77.2,Medium,Paid,No,Married,1,0
LN100383,CUST50383,2024-05-06,Hyderabad,East,43,Male,Self-employed,9,1003832,459,Auto,4247980,24,14.51,202681.75,24.2,62.4,High,Delinquent,No,Married,0,0
LN100384,CUST50384,2025-08-29,Bengaluru,South,27,Female,Clerk,1,2375394,767,Education,1635012,84,9.65,21342.75,21.3,45.3,Low,Defaulted,No,Married,0,1
LN100385,CUST50385,2025-07-02,Kolkata,North,26,Male,Clerk,23,1481201,663,Business,2439416,12,7.62,218774.96,23.3,51.7,Medium,Delinquent,Yes,Single,3,0
LN100386,CUST50386,2025-10-24,Kolkata,South,52,Male,Clerk,32,976784,564,Auto,103255,48,17.77,2533.4,16.8,81.4,High,Active,Yes,Married,2,0
LN100387,CUST50387,2024-05-28,Hyderabad,North,45,Male,Engineer,10,1144646,807,Business,2541708,120,6.34,22523.77,55.9,60.8,Low,Paid,Yes,Married,4,0
LN100388,CUST50388,2025-09-09,Mumbai,West,52,Male,Manager,6,2325315,505,Personal,822915,180,6.38,4863.43,15.2,55.2,High,Delinquent,No,Married,4,0
LN100389,CUST50389,2025-04-25,Delhi,East,62,Male,Analyst,6,1328835,640,Business,2108480,12,9.33,192100.1,39.9,70.2,High,Defaulted,Yes,Married,4,1
LN100390,CUST50390,2024-04-24,Mumbai,East,34,Male,Engineer,2,1376342,747,Auto,492443,120,12.13,4601.47,37.1,88.3,Medium,Active,Yes,Single,1,0
LN100391,CUST50391,2025-04-25,Pune,South,46,Female,Clerk,13,2039518,534,Home,4790666,24,16.83,233205.63,5.6,60.9,High,Delinquent,Yes,Single,0,0
LN100392,CUST50392,2024-07-23,Delhi,South,58,Male,Self-employed,20,666672,608,Debt Consolidation,2401493,180,13.6,15156.09,36.5,40.5,High,Delinquent,No,Married,4,0
LN100393,CUST50393,2025-04-21,Chennai,East,31,Male,Analyst,14,1701628,722,Personal,2532959,120,9.52,23117.47,13.2,45.0,Medium,Paid,No,Married,3,0
LN100394,CUST50394,2024-02-14,Pune,East,40,Female,Clerk,1,1917748,778,Debt Consolidation,322288,84,8.14,4149.07,25.5,74.8,Low,Paid,Yes,Single,2,0
LN100395,CUST50395,2024-04-25,Hyderabad,North,31,Male,Manager,1,1146826,462,Business,3432449,24,10.54,158092.88,39.1,72.8,High,Delinquent,No,Married,3,0
LN100396,CUST50396,2023-08-20,Bengaluru,East,30,Male,Engineer,27,1596178,542,Debt Consolidation,3625567,36,13.09,113893.16,44.0,85.2,High,Delinquent,No,Married,0,0
LN100397,CUST50397,2024-12-16,Chennai,East,48,Female,Doctor,35,1473184,833,Auto,2889328,60,7.52,51776.76,26.3,80.2,Low,Defaulted,Yes,Married,2,1
LN100398,CUST50398,2025-08-28,Hyderabad,West,65,Female,Self-employed,33,2374748,675,Medical,242957,48,10.68,5602.18,14.3,51.0,Medium,Active,No,Single,3,0
LN100399,CUST50399,2024-10-05,Mumbai,East,45,Female,Clerk,31,1845963,510,Business,581846,48,11.79,13550.95,36.1,82.5,High,Paid,Yes,Married,2,0
LN100400,CUST50400,2023-10-27,Mumbai,South,40,Male,Engineer,2,1606230,627,Auto,1234232,48,10.26,28351.34,8.0,55.9,High,Paid,Yes,Single,1,0
LN100401,CUST50401,2023-09-18,Bengaluru,South,36,Male,Clerk,27,1220275,713,Debt Consolidation,4384760,240,9.74,20049.32,22.1,72.0,Medium,Active,No,Single,1,0
LN100402,CUST50402,2026-06-19,Delhi,East,55,Male,Manager,32,1413986,606,Auto,4942066,84,9.06,64164.49,21.4,55.0,High,Defaulted,Yes,Single,2,1
LN100403,CUST50403,2023-10-09,Chennai,North,60,Male,Engineer,30,2166671,512,Business,3918467,24,14.89,187580.28,40.2,73.0,High,Delinquent,No,Married,0,0
LN100404,CUST50404,2023-11-20,Mumbai,East,46,Female,Doctor,11,930098,494,Personal,3820912,84,6.21,48311.79,19.4,45.5,High,Paid,No,Married,3,0
LN100405,CUST50405,2025-05-27,Kolkata,South,58,Female,Clerk,13,473747,672,Personal,2159606,12,10.98,199727.56,33.2,48.5,Medium,Delinquent,Yes,Married,4,0
LN100406,CUST50406,2024-02-25,Chennai,East,25,Male,Engineer,30,664673,551,Auto,2757789,36,9.34,83760.18,21.8,62.2,High,Active,Yes,Single,2,0
LN100407,CUST50407,2023-09-14,Kolkata,South,23,Female,Clerk,24,1791040,770,Personal,1668529,12,12.28,156118.7,52.3,56.4,Low,Active,Yes,Single,4,0
LN100408,CUST50408,2026-03-10,Delhi,East,34,Male,Self-employed,19,2174228,621,Home,754407,12,8.89,68456.15,11.7,41.9,High,Delinquent,No,Single,0,0
LN100409,CUST50409,2025-06-24,Hyderabad,North,63,Male,Self-employed,15,2131605,799,Home,3138378,48,10.91,72516.15,25.5,47.6,Low,Paid,No,Single,1,0
LN100410,CUST50410,2025-05-14,Pune,East,22,Female,Self-employed,16,1134506,696,Auto,4649273,24,7.12,207512.55,42.3,52.1,Medium,Delinquent,No,Married,4,0
LN100411,CUST50411,2024-07-30,Bengaluru,West,45,Male,Teacher,0,480728,480,Business,3307640,36,9.63,100726.83,47.5,53.7,High,Paid,No,Single,1,0
LN100412,CUST50412,2024-01-04,Delhi,South,36,Female,Engineer,28,536466,527,Personal,3793617,120,11.96,35394.45,11.1,45.8,High,Defaulted,No,Married,4,1
LN100413,CUST50413,2025-08-09,Kolkata,North,55,Male,Doctor,24,507540,534,Education,807778,180,8.46,4867.31,7.1,65.2,High,Active,Yes,Married,4,0
LN100414,CUST50414,2023-08-24,Chennai,East,64,Female,Manager,1,1801574,801,Education,449227,24,15.25,21572.25,59.7,94.4,Low,Delinquent,Yes,Married,4,0
LN100415,CUST50415,2025-04-04,Bengaluru,West,32,Male,Analyst,15,667321,480,Home,1474085,120,10.83,13614.4,53.8,56.2,High,Delinquent,No,Married,2,0
LN100416,CUST50416,2023-10-13,Hyderabad,West,65,Male,Self-employed,22,2414563,482,Education,705810,120,10.33,6489.33,26.7,78.8,High,Defaulted,Yes,Single,4,1
LN100417,CUST50417,2026-06-21,Hyderabad,South,51,Male,Analyst,8,2243521,668,Personal,2339807,12,11.35,217114.59,48.3,88.1,Medium,Paid,No,Married,2,0
LN100418,CUST50418,2026-03-16,Bengaluru,North,43,Male,Clerk,14,489043,785,Business,2280749,48,10.2,52362.2,5.9,94.0,Low,Active,No,Single,2,0
LN100419,CUST50419,2025-02-25,Bengaluru,South,24,Female,Manager,12,2205793,584,Business,3044034,180,6.17,17954.73,51.6,60.0,High,Active,Yes,Married,0,0
LN100420,CUST50420,2025-12-04,Chennai,East,33,Male,Teacher,3,576959,642,Debt Consolidation,4094464,12,8.59,370514.87,53.0,59.5,High,Paid,No,Married,4,0
LN100421,CUST50421,2024-08-31,Bengaluru,South,32,Female,Engineer,22,810054,497,Home,2803933,180,10.29,17180.32,25.7,48.0,High,Defaulted,Yes,Married,2,1
LN100422,CUST50422,2026-03-25,Mumbai,North,48,Male,Teacher,15,1820266,500,Home,1925329,240,13.11,9073.92,51.0,75.4,High,Active,No,Married,2,0
LN100423,CUST50423,2024-04-02,Chennai,South,63,Male,Teacher,7,1141766,677,Education,4911671,24,8.36,221761.95,11.4,93.7,Medium,Paid,No,Single,1,0
LN100424,CUST50424,2025-07-27,Bengaluru,South,31,Male,Analyst,23,1037507,539,Education,366544,60,12.51,6873.31,31.3,65.9,High,Active,Yes,Married,1,0
LN100425,CUST50425,2025-10-03,Chennai,South,29,Female,Engineer,11,576965,804,Personal,1297004,48,7.54,29058.29,31.9,70.5,Low,Active,No,Single,3,0
LN100426,CUST50426,2024-02-24,Hyderabad,West,56,Female,Teacher,23,457813,586,Personal,3426416,60,8.22,61801.12,47.2,49.7,High,Active,No,Married,1,0
LN100427,CUST50427,2024-07-25,Mumbai,North,61,Male,Manager,15,1536705,655,Home,1841268,48,6.12,40707.37,54.1,58.8,Medium,Delinquent,Yes,Married,1,0
LN100428,CUST50428,2024-05-02,Hyderabad,South,54,Female,Clerk,3,2143297,587,Medical,4059141,240,7.39,18162.96,15.1,71.3,High,Delinquent,Yes,Single,1,0
LN100429,CUST50429,2026-06-01,Pune,West,60,Female,Manager,22,1290302,729,Medical,1144851,12,16.45,111098.25,40.7,60.0,Medium,Paid,Yes,Married,4,0
LN100430,CUST50430,2026-01-26,Delhi,South,47,Male,Manager,23,565869,489,Education,4900797,120,10.01,44928.06,50.4,87.0,High,Active,Yes,Married,0,0
LN100431,CUST50431,2025-08-04,Mumbai,North,24,Male,Analyst,33,210624,660,Personal,1740815,180,9.67,10606.4,50.6,56.8,Medium,Delinquent,No,Married,1,0
LN100432,CUST50432,2024-09-20,Mumbai,North,51,Male,Self-employed,35,1727656,647,Personal,1346042,240,15.03,6451.47,22.2,70.7,High,Delinquent,Yes,Single,4,0
LN100433,CUST50433,2024-01-11,Mumbai,South,40,Female,Manager,11,2397190,571,Auto,2151189,12,14.27,204846.97,28.7,78.7,High,Defaulted,No,Single,2,1
LN100434,CUST50434,2025-05-15,Hyderabad,South,24,Male,Manager,19,2162801,665,Debt Consolidation,4597685,48,10.08,105440.24,7.1,92.1,Medium,Defaulted,No,Married,1,1
LN100435,CUST50435,2023-08-31,Delhi,South,30,Male,Doctor,11,309790,452,Auto,2139704,240,7.3,9566.26,57.3,76.0,High,Delinquent,Yes,Married,3,0
LN100436,CUST50436,2024-12-13,Mumbai,West,41,Male,Self-employed,32,2356124,472,Medical,4512644,36,8.42,135905.8,34.1,61.3,High,Delinquent,No,Single,1,0
LN100437,CUST50437,2026-03-30,Bengaluru,East,22,Male,Self-employed,22,316252,505,Medical,2034462,180,7.85,12189.82,51.8,67.0,High,Active,No,Married,2,0
LN100438,CUST50438,2025-04-13,Pune,East,43,Male,Doctor,1,252657,582,Debt Consolidation,740765,48,17.43,18122.51,41.9,71.3,High,Defaulted,No,Married,0,1
LN100439,CUST50439,2024-09-15,Chennai,South,58,Male,Teacher,27,1915372,655,Education,4329839,120,12.22,40491.21,26.6,53.3,Medium,Active,Yes,Single,1,0
LN100440,CUST50440,2025-05-04,Mumbai,North,24,Male,Engineer,14,1458654,480,Medical,1321583,48,10.92,30539.58,9.3,49.5,High,Delinquent,Yes,Single,3,0
LN100441,CUST50441,2024-01-25,Mumbai,North,61,Male,Clerk,18,2176334,633,Education,94955,24,12.98,4470.01,28.9,89.5,High,Active,Yes,Married,3,0
LN100442,CUST50442,2023-08-25,Mumbai,North,36,Female,Self-employed,26,1934474,609,Debt Consolidation,1078114,120,14.19,10259.15,12.3,82.1,High,Defaulted,Yes,Single,2,1
LN100443,CUST50443,2026-02-08,Mumbai,West,56,Female,Doctor,35,1156077,812,Home,948816,180,8.46,5717.14,45.7,53.3,Low,Defaulted,No,Married,1,1
LN100444,CUST50444,2023-10-13,Delhi,East,46,Male,Doctor,23,2082307,597,Auto,1011681,48,8.17,22798.65,17.4,79.1,High,Delinquent,Yes,Single,0,0
LN100445,CUST50445,2025-12-16,Mumbai,South,23,Male,Self-employed,11,412246,792,Debt Consolidation,2765212,24,7.49,123846.93,10.5,61.8,Low,Active,No,Married,4,0
LN100446,CUST50446,2023-10-12,Kolkata,North,58,Male,Self-employed,15,1359180,613,Medical,3614341,84,9.25,47007.95,43.6,55.0,High,Defaulted,Yes,Single,0,1
LN100447,CUST50447,2025-07-18,Chennai,North,40,Male,Clerk,18,843072,463,Personal,4968368,180,17.78,32509.69,44.8,94.8,High,Delinquent,No,Married,0,0
LN100448,CUST50448,2024-11-04,Mumbai,North,42,Male,Analyst,12,1015434,466,Medical,1409774,84,16.98,19632.78,27.6,72.6,High,Delinquent,No,Married,3,0
LN100449,CUST50449,2025-10-22,Pune,East,42,Female,Doctor,3,1780806,565,Education,4626455,180,12.9,29018.15,39.6,83.8,High,Defaulted,No,Married,4,1
LN100450,CUST50450,2024-09-25,Mumbai,North,28,Male,Self-employed,9,868139,535,Debt Consolidation,4520830,36,12.79,141640.12,18.9,75.7,High,Active,Yes,Single,2,0
LN100451,CUST50451,2023-11-21,Hyderabad,West,55,Female,Clerk,23,1643900,475,Debt Consolidation,1745310,12,11.51,162182.93,44.0,74.7,High,Active,No,Married,2,0
LN100452,CUST50452,2024-04-14,Pune,East,30,Male,Teacher,5,735828,850,Home,226514,60,16.42,4395.13,12.8,84.7,Low,Active,No,Single,4,0
LN100453,CUST50453,2025-06-11,Delhi,East,36,Male,Self-employed,33,1864263,842,Home,3873290,36,13.08,121664.34,52.1,51.9,Low,Active,Yes,Single,3,0
LN100454,CUST50454,2023-11-30,Pune,South,40,Male,Clerk,7,317006,642,Home,4727917,36,17.36,154130.09,47.2,69.0,High,Delinquent,Yes,Married,2,0
LN100455,CUST50455,2025-04-20,Chennai,East,35,Female,Manager,16,1719549,451,Debt Consolidation,1112552,48,9.99,25493.67,6.7,63.6,High,Delinquent,No,Married,1,0
LN100456,CUST50456,2024-01-04,Delhi,South,25,Female,Self-employed,4,2165998,811,Debt Consolidation,1009640,48,13.79,23934.78,23.7,63.3,Low,Active,No,Married,0,0
LN100457,CUST50457,2026-05-11,Bengaluru,West,56,Male,Manager,3,1563485,508,Personal,2826914,84,17.41,39512.85,7.8,93.4,High,Defaulted,Yes,Single,1,1
LN100458,CUST50458,2025-08-06,Pune,North,40,Female,Analyst,19,522235,656,Personal,1807435,120,8.98,16414.52,33.3,81.1,Medium,Active,No,Single,3,0
LN100459,CUST50459,2023-12-07,Chennai,East,27,Male,Manager,30,1008692,655,Education,2672518,180,17.38,17427.79,48.9,58.4,Medium,Active,No,Married,0,0
LN100460,CUST50460,2024-08-30,Pune,South,65,Male,Clerk,16,1050119,541,Debt Consolidation,4432361,36,13.89,140222.67,19.0,45.9,High,Delinquent,No,Single,3,0
LN100461,CUST50461,2025-12-30,Kolkata,South,23,Female,Engineer,30,1860415,481,Education,338722,120,11.65,3151.53,50.2,81.5,High,Active,Yes,Single,4,0
LN100462,CUST50462,2026-04-16,Kolkata,East,58,Female,Clerk,12,2341279,462,Debt Consolidation,3421781,24,9.98,156803.11,48.2,78.3,High,Delinquent,No,Married,1,0
LN100463,CUST50463,2023-12-29,Kolkata,North,51,Female,Self-employed,9,1450080,601,Business,1641303,120,8.96,14903.03,11.5,65.9,High,Paid,Yes,Married,1,0
LN100464,CUST50464,2025-07-22,Pune,West,28,Male,Clerk,28,1677005,836,Debt Consolidation,992656,120,11.16,9195.3,52.8,92.9,Low,Active,No,Single,4,0
LN100465,CUST50465,2025-12-22,Hyderabad,South,29,Male,Engineer,27,2029084,750,Debt Consolidation,1666497,240,17.2,8138.06,18.7,74.0,Low,Paid,No,Single,2,0
LN100466,CUST50466,2023-10-25,Mumbai,East,45,Male,Manager,24,2054590,707,Personal,4594532,240,15.4,22092.04,55.6,61.6,Medium,Delinquent,Yes,Married,0,0
LN100467,CUST50467,2023-10-23,Delhi,East,42,Female,Engineer,9,2043265,511,Home,628177,120,12.28,5877.64,22.6,47.8,High,Defaulted,Yes,Married,1,1
LN100468,CUST50468,2024-07-22,Pune,North,22,Male,Analyst,24,2128938,606,Home,4440229,24,10.74,204879.57,36.1,65.2,High,Delinquent,Yes,Single,4,0
LN100469,CUST50469,2025-01-04,Hyderabad,East,61,Male,Clerk,23,1866065,599,Education,349546,180,6.96,2077.08,41.3,92.0,High,Delinquent,No,Married,2,0
LN100470,CUST50470,2025-04-18,Delhi,South,35,Male,Analyst,23,1323587,511,Education,2072064,12,13.73,196379.87,30.6,78.1,High,Defaulted,Yes,Married,4,1
LN100471,CUST50471,2025-02-03,Chennai,West,56,Male,Teacher,34,1872865,744,Debt Consolidation,2382534,60,8.97,43270.79,40.0,60.6,Medium,Active,No,Single,3,0
LN100472,CUST50472,2025-08-29,Bengaluru,North,59,Female,Self-employed,31,1499153,654,Business,2078630,36,13.66,65626.97,19.6,89.3,Medium,Delinquent,Yes,Married,2,0
LN100473,CUST50473,2025-01-01,Delhi,East,29,Female,Self-employed,25,2417330,525,Education,1558636,60,10.55,28717.87,58.5,57.4,High,Active,Yes,Single,2,0
LN100474,CUST50474,2024-07-11,Pune,West,54,Male,Analyst,5,1092240,651,Home,1911872,120,16.16,18506.92,38.2,52.0,Medium,Defaulted,Yes,Married,1,1
LN100475,CUST50475,2023-12-31,Mumbai,South,25,Male,Self-employed,27,2376099,566,Personal,2371296,120,15.14,22752.59,45.8,82.7,High,Defaulted,Yes,Married,4,1
LN100476,CUST50476,2023-10-05,Delhi,West,37,Female,Clerk,22,1096580,665,Medical,1786974,120,7.18,15960.66,41.8,59.7,Medium,Active,No,Single,4,0
LN100477,CUST50477,2024-03-18,Kolkata,North,39,Female,Teacher,19,1091668,593,Education,2915686,120,11.21,27021.12,10.9,51.3,High,Active,No,Married,4,0
LN100478,CUST50478,2026-05-17,Bengaluru,East,23,Female,Clerk,29,1787769,804,Personal,3821570,84,16.52,53010.64,56.2,72.2,Low,Defaulted,Yes,Single,3,1
LN100479,CUST50479,2026-01-23,Bengaluru,West,47,Male,Analyst,24,1338308,645,Medical,4047680,60,11.0,74882.08,17.3,51.6,High,Active,No,Married,1,0
LN100480,CUST50480,2024-01-23,Hyderabad,North,42,Female,Doctor,12,2050060,491,Medical,4941960,36,6.37,146021.19,45.0,67.3,High,Active,Yes,Married,1,0
LN100481,CUST50481,2024-08-31,Delhi,North,22,Female,Self-employed,10,223332,808,Personal,2186725,48,9.88,50057.78,5.1,64.1,Low,Paid,No,Married,3,0
LN100482,CUST50482,2026-04-29,Kolkata,East,47,Female,Teacher,0,924880,821,Education,3693621,180,6.53,21860.08,27.1,66.2,Low,Active,Yes,Married,3,0
LN100483,CUST50483,2025-06-06,Chennai,North,62,Male,Analyst,18,384286,620,Debt Consolidation,2727190,84,12.06,36382.01,30.6,48.6,High,Defaulted,Yes,Single,1,1
LN100484,CUST50484,2024-09-07,Mumbai,North,57,Female,Self-employed,33,2247207,801,Home,3957472,48,11.1,91598.99,5.8,61.3,Low,Delinquent,No,Married,3,0
LN100485,CUST50485,2024-05-06,Kolkata,East,46,Male,Teacher,26,2273892,483,Personal,743796,36,10.87,22906.85,36.7,71.5,High,Active,No,Single,2,0
LN100486,CUST50486,2024-09-05,Mumbai,North,58,Male,Analyst,17,1549996,788,Medical,3455382,120,15.08,33137.11,25.1,55.7,Low,Paid,Yes,Married,4,0
LN100487,CUST50487,2025-05-20,Mumbai,East,28,Female,Teacher,25,1300228,461,Home,560669,24,15.57,26998.55,48.8,62.2,High,Defaulted,No,Single,2,1
LN100488,CUST50488,2024-06-13,Pune,South,52,Female,Self-employed,3,1639144,773,Personal,4901345,60,12.98,92292.33,11.3,64.6,Low,Delinquent,No,Married,3,0
LN100489,CUST50489,2026-02-11,Pune,North,34,Female,Analyst,0,823245,549,Education,1784948,48,12.67,41897.94,44.6,44.3,High,Active,No,Married,3,0
LN100490,CUST50490,2025-10-02,Delhi,North,26,Female,Teacher,2,2356476,767,Personal,2284609,180,7.83,13686.08,15.5,77.2,Low,Paid,No,Married,3,0
LN100491,CUST50491,2024-06-14,Bengaluru,North,64,Male,Clerk,4,960335,555,Auto,3345743,48,13.4,79043.18,24.9,65.3,High,Active,Yes,Married,2,0
LN100492,CUST50492,2024-01-19,Bengaluru,East,28,Male,Teacher,30,1573177,673,Auto,2279663,180,15.02,14567.05,53.8,85.2,Medium,Active,Yes,Married,4,0
LN100493,CUST50493,2025-04-28,Hyderabad,North,34,Female,Doctor,20,368088,571,Education,4252927,120,7.83,38216.09,21.7,64.5,High,Active,Yes,Married,4,0
LN100494,CUST50494,2024-07-26,Pune,North,48,Male,Manager,10,1358138,786,Home,2233067,36,16.64,72351.37,5.3,62.7,Low,Paid,No,Single,2,0
LN100495,CUST50495,2025-12-07,Pune,West,57,Male,Engineer,13,1324525,492,Auto,4637005,240,13.84,21994.86,51.0,57.8,High,Defaulted,Yes,Single,4,1
LN100496,CUST50496,2024-07-01,Hyderabad,South,52,Male,Manager,23,1306802,658,Auto,1847557,240,12.28,8643.49,47.6,81.0,Medium,Active,Yes,Married,3,0
LN100497,CUST50497,2024-09-26,Bengaluru,West,44,Female,Engineer,31,1500676,755,Auto,2731946,24,6.5,121230.1,25.4,92.9,Low,Paid,No,Single,4,0
LN100498,CUST50498,2024-09-01,Pune,East,48,Female,Engineer,24,669861,647,Personal,3992019,120,13.19,37654.72,59.5,79.7,High,Paid,No,Married,3,0
LN100499,CUST50499,2025-08-11,Chennai,North,45,Male,Doctor,30,1495302,693,Medical,63180,240,10.22,290.15,47.1,85.7,Medium,Active,Yes,Single,0,0
LN100500,CUST50500,2023-10-20,Chennai,West,33,Male,Clerk,7,1455654,569,Medical,3150093,48,13.15,74256.88,7.3,41.1,High,Delinquent,Yes,Married,0,0
LN100501,CUST50501,2025-10-21,Delhi,North,27,Female,Doctor,6,1623329,615,Home,2126762,24,7.3,95083.98,47.0,79.1,High,Defaulted,No,Married,0,1
LN100502,CUST50502,2025-05-25,Bengaluru,West,59,Female,Manager,22,2022600,798,Auto,1172389,12,15.26,112607.96,7.8,85.7,Low,Defaulted,No,Married,0,1
LN100503,CUST50503,2025-09-16,Mumbai,East,21,Male,Engineer,14,2349002,543,Debt Consolidation,1364800,48,12.39,31956.22,22.4,70.2,High,Active,No,Married,1,0
LN100504,CUST50504,2024-05-21,Delhi,North,45,Female,Manager,5,1097489,744,Business,1497137,120,8.17,13495.44,16.5,57.2,Medium,Delinquent,No,Married,0,0
LN100505,CUST50505,2024-03-19,Chennai,South,26,Male,Clerk,33,2281389,612,Home,356777,24,11.98,16646.62,48.0,50.5,High,Paid,No,Married,0,0
LN100506,CUST50506,2025-08-24,Pune,South,30,Female,Doctor,17,2001259,710,Medical,3347810,180,11.64,20763.86,56.3,69.2,Medium,Delinquent,No,Married,1,0
LN100507,CUST50507,2026-06-07,Chennai,South,30,Female,Teacher,26,2488216,637,Auto,2906900,12,13.91,275937.48,39.0,93.1,High,Active,No,Single,0,0
LN100508,CUST50508,2025-06-06,Mumbai,North,59,Male,Self-employed,30,1460973,659,Debt Consolidation,4641038,48,8.96,105351.56,46.7,78.6,Medium,Paid,Yes,Married,0,0
LN100509,CUST50509,2023-11-15,Pune,East,30,Female,Manager,5,1861078,551,Medical,2679249,12,14.93,256605.07,8.3,49.0,High,Delinquent,Yes,Single,1,0
LN100510,CUST50510,2024-02-05,Hyderabad,West,23,Male,Engineer,18,1127145,465,Debt Consolidation,1860245,84,6.13,23503.31,47.8,89.5,High,Defaulted,No,Married,4,1
LN100511,CUST50511,2025-07-20,Kolkata,East,45,Male,Engineer,31,185787,567,Education,2786084,36,6.4,82344.26,7.3,72.5,High,Delinquent,Yes,Single,4,0
LN100512,CUST50512,2025-07-14,Bengaluru,South,27,Female,Teacher,35,735251,537,Home,268734,120,9.15,2444.36,36.5,45.3,High,Active,No,Married,0,0
LN100513,CUST50513,2025-09-22,Mumbai,East,27,Female,Clerk,10,2060378,696,Auto,2503300,120,7.13,22348.21,52.9,56.9,Medium,Paid,Yes,Married,2,0
LN100514,CUST50514,2024-01-27,Kolkata,North,39,Male,Clerk,28,243479,812,Home,1080346,120,12.45,10123.74,48.2,67.9,Low,Defaulted,Yes,Single,1,1
LN100515,CUST50515,2025-11-01,Bengaluru,West,47,Male,Clerk,22,1416626,522,Debt Consolidation,3074410,60,17.9,60412.16,19.9,90.2,High,Delinquent,No,Single,1,0
LN100516,CUST50516,2025-12-23,Kolkata,North,60,Female,Self-employed,11,1240798,539,Auto,4379094,120,17.98,43053.79,41.8,77.5,High,Delinquent,Yes,Single,4,0
LN100517,CUST50517,2025-11-05,Hyderabad,East,52,Female,Self-employed,16,1575453,461,Auto,694656,36,7.25,20694.96,5.7,89.5,High,Active,Yes,Married,1,0
LN100518,CUST50518,2024-06-15,Hyderabad,North,62,Male,Manager,9,1804626,563,Business,3500684,240,17.58,17150.43,5.6,42.4,High,Defaulted,No,Single,4,1
LN100519,CUST50519,2025-10-05,Mumbai,South,44,Female,Clerk,4,818157,481,Debt Consolidation,1771713,24,11.64,82414.18,55.5,78.6,High,Defaulted,No,Married,0,1
LN100520,CUST50520,2025-05-12,Mumbai,West,47,Female,Analyst,17,1762205,642,Home,2122200,12,9.46,193580.01,24.3,82.3,High,Active,No,Married,3,0
LN100521,CUST50521,2025-02-02,Pune,South,42,Female,Engineer,13,1815496,797,Personal,4402012,120,11.52,40909.36,10.1,91.4,Low,Paid,No,Married,2,0
LN100522,CUST50522,2025-01-29,Chennai,South,54,Female,Engineer,1,2127971,674,Business,1812139,120,9.6,16550.87,29.1,81.5,Medium,Defaulted,Yes,Married,3,1
LN100523,CUST50523,2025-01-03,Mumbai,North,29,Male,Clerk,5,709441,531,Education,748978,84,13.71,10138.84,41.0,67.8,High,Defaulted,Yes,Single,1,1
LN100524,CUST50524,2025-07-27,Delhi,West,40,Male,Self-employed,26,805143,538,Medical,2137404,84,12.04,28508.9,40.7,49.4,High,Delinquent,No,Single,0,0
LN100525,CUST50525,2025-10-01,Hyderabad,North,55,Female,Self-employed,11,2087849,811,Auto,1445899,180,12.73,9055.34,21.6,45.3,Low,Paid,Yes,Married,4,0
LN100526,CUST50526,2026-01-14,Mumbai,North,38,Female,Clerk,34,1941622,456,Personal,3688512,180,13.97,23354.43,47.4,50.6,High,Paid,No,Single,4,0
LN100527,CUST50527,2025-08-06,Bengaluru,North,53,Female,Teacher,10,1281257,471,Education,1232733,240,16.67,5992.62,58.4,48.5,High,Defaulted,Yes,Married,1,1
LN100528,CUST50528,2024-02-25,Hyderabad,East,43,Female,Clerk,4,2194230,721,Business,604418,180,10.58,3713.14,11.0,73.0,Medium,Active,No,Married,2,0
LN100529,CUST50529,2026-03-02,Chennai,West,22,Female,Self-employed,35,1601507,836,Home,104823,60,15.02,2009.46,25.9,44.7,Low,Active,No,Single,1,0
LN100530,CUST50530,2025-08-24,Hyderabad,West,61,Female,Teacher,32,1536427,609,Education,3099888,120,9.28,28229.65,31.5,69.9,High,Active,Yes,Married,3,0
LN100531,CUST50531,2026-02-24,Bengaluru,North,24,Male,Engineer,15,1576787,514,Education,4182159,84,10.17,54851.01,49.2,56.1,High,Delinquent,Yes,Single,4,0
LN100532,CUST50532,2026-06-05,Bengaluru,South,37,Female,Teacher,9,1887211,706,Debt Consolidation,4784478,48,7.02,106673.92,50.8,66.1,Medium,Paid,Yes,Single,2,0
LN100533,CUST50533,2024-03-21,Hyderabad,South,49,Male,Clerk,14,1108722,788,Auto,1290110,24,16.18,62452.07,56.4,89.2,Low,Paid,Yes,Single,0,0
LN100534,CUST50534,2025-09-06,Bengaluru,South,33,Male,Teacher,0,2456181,627,Medical,628152,84,15.65,8648.31,30.2,63.2,High,Paid,Yes,Married,4,0
LN100535,CUST50535,2024-01-22,Bengaluru,East,61,Female,Doctor,29,2193015,483,Debt Consolidation,1147113,240,15.14,5503.27,40.5,66.3,High,Active,Yes,Married,3,0
LN100536,CUST50536,2024-05-20,Bengaluru,West,52,Female,Self-employed,6,696090,695,Medical,1890262,60,9.66,34547.69,19.0,78.8,Medium,Defaulted,No,Married,3,1
LN100537,CUST50537,2023-07-20,Hyderabad,South,37,Female,Self-employed,26,1636421,583,Debt Consolidation,508214,120,13.2,4794.15,41.8,46.3,High,Defaulted,No,Single,3,1
LN100538,CUST50538,2025-05-01,Delhi,South,47,Female,Clerk,25,1609364,512,Home,3414271,12,12.03,318750.65,28.4,72.5,High,Defaulted,Yes,Single,1,1
LN100539,CUST50539,2024-05-14,Pune,North,22,Male,Self-employed,15,1104812,639,Debt Consolidation,2193654,48,17.29,53602.85,47.9,66.8,High,Active,Yes,Married,2,0
LN100540,CUST50540,2026-01-26,Pune,North,45,Male,Self-employed,10,2103404,705,Debt Consolidation,3700158,60,13.11,69754.15,47.1,88.3,Medium,Active,Yes,Married,2,0
LN100541,CUST50541,2024-11-08,Pune,East,51,Male,Self-employed,2,735403,659,Medical,3236648,36,15.06,103446.87,5.2,91.5,Medium,Paid,Yes,Married,1,0
LN100542,CUST50542,2026-05-03,Chennai,South,27,Female,Teacher,3,221299,776,Personal,1709791,24,14.6,81642.52,40.4,48.9,Low,Active,Yes,Single,4,0
LN100543,CUST50543,2025-01-10,Bengaluru,North,58,Male,Clerk,35,1396553,642,Business,3957240,36,11.43,122487.57,47.5,47.1,High,Delinquent,No,Married,3,0
LN100544,CUST50544,2024-05-07,Bengaluru,East,40,Female,Clerk,22,1641267,709,Medical,2775137,48,13.09,65383.38,25.6,62.3,Medium,Paid,Yes,Married,1,0
LN100545,CUST50545,2026-04-28,Delhi,West,51,Female,Manager,34,1469998,616,Home,3570110,36,9.41,108501.59,20.3,58.4,High,Active,No,Single,4,0
LN100546,CUST50546,2024-04-05,Kolkata,West,53,Male,Engineer,26,512503,541,Education,242473,180,11.96,1508.18,47.8,73.8,High,Paid,No,Single,0,0
LN100547,CUST50547,2025-08-11,Hyderabad,West,25,Female,Engineer,23,1499731,808,Personal,432348,84,16.05,5973.09,27.0,69.1,Low,Active,No,Married,2,0
LN100548,CUST50548,2025-08-11,Delhi,North,24,Male,Self-employed,30,2408440,469,Personal,228455,120,15.68,2202.31,34.1,56.1,High,Defaulted,Yes,Single,3,1
LN100549,CUST50549,2025-10-27,Mumbai,South,62,Female,Self-employed,34,255442,542,Auto,4322972,84,17.34,60387.8,46.6,75.5,High,Active,No,Married,1,0
LN100550,CUST50550,2026-01-06,Delhi,West,36,Female,Manager,25,726172,741,Auto,3361075,12,16.04,325015.95,56.7,71.1,Medium,Active,Yes,Single,0,0
LN100551,CUST50551,2026-04-28,Bengaluru,East,27,Female,Analyst,5,1124733,735,Auto,2708809,240,15.1,12991.0,46.4,43.3,Medium,Delinquent,Yes,Married,1,0
LN100552,CUST50552,2026-06-26,Pune,North,44,Male,Teacher,35,2102145,765,Education,3564234,12,6.03,314929.78,49.8,51.7,Low,Defaulted,Yes,Married,0,1
LN100553,CUST50553,2024-04-02,Kolkata,West,32,Male,Teacher,25,1113821,749,Medical,563374,48,7.31,12594.93,44.8,85.6,Medium,Active,Yes,Married,3,0
LN100554,CUST50554,2023-09-27,Mumbai,East,63,Female,Clerk,35,2421985,515,Debt Consolidation,4581627,12,6.61,407039.38,26.3,91.3,High,Delinquent,Yes,Single,0,0
LN100555,CUST50555,2024-05-27,Kolkata,North,29,Male,Engineer,21,959802,477,Debt Consolidation,3522560,24,12.83,165604.35,22.9,75.1,High,Active,Yes,Married,1,0
LN100556,CUST50556,2024-05-26,Hyderabad,South,26,Female,Teacher,20,2113552,819,Personal,716343,12,13.55,67783.96,12.0,66.7,Low,Defaulted,Yes,Single,2,1
LN100557,CUST50557,2026-06-23,Mumbai,East,26,Male,Analyst,11,540752,642,Education,1834083,240,17.15,8952.62,32.2,73.5,High,Delinquent,Yes,Married,2,0
LN100558,CUST50558,2025-04-12,Kolkata,South,55,Male,Self-employed,7,923620,637,Personal,3558947,24,16.02,172045.43,12.1,59.1,High,Active,Yes,Married,1,0
LN100559,CUST50559,2024-11-25,Pune,East,28,Female,Engineer,30,2102756,675,Education,2808620,180,11.73,17433.73,6.6,68.4,Medium,Defaulted,No,Married,0,1
LN100560,CUST50560,2025-12-09,Delhi,East,51,Female,Teacher,9,1405775,668,Debt Consolidation,2235323,180,15.9,14393.0,49.3,67.0,Medium,Active,No,Single,1,0
LN100561,CUST50561,2025-06-18,Kolkata,North,29,Female,Self-employed,24,979899,450,Personal,229311,24,9.75,10486.2,25.9,64.6,High,Delinquent,Yes,Single,1,0
LN100562,CUST50562,2024-08-06,Chennai,East,39,Male,Doctor,25,272749,848,Debt Consolidation,3324355,24,7.98,149568.27,43.3,55.7,Low,Paid,No,Single,1,0
LN100563,CUST50563,2024-11-24,Kolkata,North,43,Male,Teacher,31,1379715,803,Home,2482758,60,7.36,44424.82,25.2,77.3,Low,Paid,Yes,Married,3,0
LN100564,CUST50564,2024-01-20,Mumbai,North,59,Female,Clerk,28,1655815,843,Personal,2272665,180,11.22,14042.54,50.8,57.2,Low,Active,Yes,Single,4,0
LN100565,CUST50565,2024-02-08,Kolkata,East,57,Female,Doctor,32,433586,728,Auto,4632281,24,16.47,224800.74,23.5,80.2,Medium,Active,Yes,Married,0,0
LN100566,CUST50566,2024-01-31,Bengaluru,East,59,Male,Manager,19,1888263,466,Business,3832195,180,8.23,23042.14,21.5,62.2,High,Active,No,Married,4,0
LN100567,CUST50567,2024-10-05,Hyderabad,East,46,Female,Self-employed,19,2249299,643,Debt Consolidation,4547658,36,12.71,142379.59,52.7,44.8,High,Delinquent,Yes,Married,4,0
LN100568,CUST50568,2024-03-25,Pune,South,42,Male,Analyst,14,2412781,516,Education,3910563,60,15.19,75076.29,40.5,43.6,High,Paid,Yes,Married,0,0
LN100569,CUST50569,2026-03-15,Pune,West,52,Female,Analyst,15,997965,681,Business,3811554,180,15.51,24459.59,48.5,87.1,Medium,Active,No,Single,4,0
LN100570,CUST50570,2024-07-02,Bengaluru,East,32,Male,Engineer,13,1536116,770,Medical,3661427,180,6.18,21598.35,56.1,47.5,Low,Paid,Yes,Married,2,0
LN100571,CUST50571,2026-03-28,Chennai,East,64,Male,Manager,14,896983,453,Personal,1568950,36,11.21,48467.48,57.1,74.6,High,Delinquent,Yes,Single,0,0
LN100572,CUST50572,2025-05-19,Bengaluru,West,42,Male,Teacher,33,1698287,497,Debt Consolidation,1611258,120,7.03,14371.08,36.8,50.7,High,Delinquent,No,Married,4,0
LN100573,CUST50573,2024-07-17,Delhi,West,56,Male,Doctor,30,2082352,533,Home,2926559,180,12.55,18299.12,36.1,67.6,High,Delinquent,Yes,Single,2,0
LN100574,CUST50574,2025-05-04,Delhi,North,64,Female,Clerk,28,675686,485,Personal,3538976,240,7.78,15892.95,14.6,40.8,High,Delinquent,No,Single,0,0
LN100575,CUST50575,2025-12-19,Mumbai,West,34,Female,Analyst,22,1066706,689,Business,3251931,60,8.67,58897.89,35.0,66.2,Medium,Active,Yes,Married,2,0
LN100576,CUST50576,2024-08-15,Mumbai,East,65,Female,Doctor,19,753487,769,Business,4642386,60,11.81,86510.86,48.5,87.3,Low,Paid,No,Married,1,0
LN100577,CUST50577,2025-09-06,Mumbai,South,28,Male,Self-employed,13,922196,693,Education,3382850,36,6.92,100470.64,19.9,84.8,Medium,Paid,Yes,Married,4,0
LN100578,CUST50578,2023-09-14,Hyderabad,East,49,Male,Doctor,34,1669272,541,Personal,2291251,180,17.27,14927.5,59.6,64.7,High,Defaulted,No,Married,4,1
LN100579,CUST50579,2024-03-04,Delhi,South,65,Female,Clerk,13,2082322,529,Auto,4207215,60,15.85,81234.31,7.7,84.5,High,Delinquent,Yes,Married,4,0
LN100580,CUST50580,2025-08-20,Bengaluru,North,58,Male,Doctor,33,1727852,706,Personal,1641678,60,15.67,31648.82,55.1,79.9,Medium,Active,No,Married,3,0
LN100581,CUST50581,2026-03-15,Bengaluru,North,22,Female,Doctor,23,309899,594,Education,4766422,240,15.35,22908.62,35.7,64.0,High,Paid,No,Single,0,0
LN100582,CUST50582,2023-07-19,Pune,East,52,Male,Analyst,35,1091435,513,Home,3068231,120,8.03,27621.75,16.7,56.2,High,Defaulted,No,Single,1,1
LN100583,CUST50583,2026-01-19,Delhi,West,54,Male,Doctor,8,1849816,690,Auto,2122227,60,10.01,38911.03,29.3,76.1,Medium,Active,No,Married,4,0
LN100584,CUST50584,2025-08-07,Kolkata,South,54,Female,Doctor,18,1999327,789,Debt Consolidation,3045801,120,16.6,29595.03,42.9,85.5,Low,Paid,No,Single,2,0
LN100585,CUST50585,2025-07-23,Mumbai,West,60,Male,Doctor,29,523294,518,Home,78267,12,6.03,6915.54,20.2,62.4,High,Defaulted,Yes,Single,0,1
LN100586,CUST50586,2026-01-02,Chennai,South,59,Female,Clerk,2,1077713,667,Business,3805208,12,14.06,361685.02,10.0,76.6,Medium,Delinquent,No,Single,2,0
LN100587,CUST50587,2024-03-07,Pune,East,51,Female,Self-employed,14,2150504,530,Auto,2899734,120,11.38,26914.36,10.4,78.2,High,Active,No,Married,3,0
LN100588,CUST50588,2025-11-07,Hyderabad,North,58,Female,Teacher,13,1402502,712,Home,3063614,60,8.49,55395.25,33.4,89.1,Medium,Active,Yes,Single,3,0
LN100589,CUST50589,2024-06-04,Chennai,South,62,Male,Engineer,1,1645292,588,Home,1706231,84,7.96,21929.13,18.3,90.4,High,Delinquent,Yes,Single,2,0
LN100590,CUST50590,2024-09-21,Delhi,East,39,Male,Manager,22,679004,565,Business,1490415,120,9.97,13658.41,11.0,61.2,High,Defaulted,Yes,Single,3,1
LN100591,CUST50591,2023-11-19,Hyderabad,North,63,Female,Engineer,12,472664,543,Auto,2373490,12,12.87,223246.51,27.3,90.1,High,Delinquent,Yes,Single,2,0
LN100592,CUST50592,2026-05-26,Kolkata,East,61,Female,Doctor,2,1690604,473,Medical,396349,12,13.83,37597.01,59.1,92.5,High,Active,No,Married,4,0
LN100593,CUST50593,2025-11-14,Kolkata,West,38,Male,Engineer,14,457234,790,Medical,3357528,48,8.49,75887.13,42.0,48.7,Low,Active,No,Married,3,0
LN100594,CUST50594,2026-01-04,Chennai,West,27,Male,Manager,4,2475821,666,Auto,892323,240,10.4,4104.69,25.6,68.1,Medium,Delinquent,Yes,Single,2,0
LN100595,CUST50595,2023-08-05,Bengaluru,East,60,Female,Engineer,34,2026931,769,Auto,946719,60,10.15,17380.18,31.2,50.0,Low,Active,Yes,Married,4,0
LN100596,CUST50596,2024-06-17,Mumbai,North,49,Male,Manager,0,887203,470,Auto,1506793,180,7.31,8983.0,48.7,42.3,High,Active,No,Married,2,0
LN100597,CUST50597,2024-11-18,Bengaluru,West,46,Female,Engineer,9,771969,850,Debt Consolidation,4242206,24,8.94,192560.8,20.6,82.7,Low,Active,No,Single,0,0
LN100598,CUST50598,2024-01-06,Pune,South,24,Male,Engineer,17,2088654,543,Education,435737,60,12.67,8182.41,54.9,52.2,High,Defaulted,No,Single,1,1
LN100599,CUST50599,2025-04-18,Pune,North,57,Male,Engineer,5,386542,756,Debt Consolidation,3776032,180,6.27,22293.27,34.4,64.8,Low,Defaulted,Yes,Married,1,1
LN100600,CUST50600,2023-11-08,Hyderabad,South,58,Male,Clerk,33,2318086,680,Debt Consolidation,3449721,60,10.14,63325.38,8.3,83.6,Medium,Paid,No,Married,1,0
LN100601,CUST50601,2026-05-25,Hyderabad,North,59,Female,Clerk,14,307075,709,Personal,367843,120,11.84,3428.3,54.2,83.6,Medium,Paid,Yes,Married,1,0
LN100602,CUST50602,2025-10-22,Pune,East,61,Male,Self-employed,11,290821,643,Business,4409801,84,7.66,56518.95,41.2,87.7,High,Defaulted,No,Married,2,1
LN100603,CUST50603,2023-10-03,Mumbai,North,51,Male,Doctor,26,1344366,837,Medical,255807,24,9.1,11628.56,5.4,85.4,Low,Active,Yes,Married,0,0
LN100604,CUST50604,2024-12-02,Chennai,North,44,Female,Engineer,17,1575014,726,Home,525799,12,10.9,48592.59,32.4,51.7,Medium,Delinquent,No,Single,0,0
LN100605,CUST50605,2024-09-05,Mumbai,East,25,Male,Self-employed,35,2214278,652,Personal,2841738,240,6.09,12561.67,37.9,70.4,Medium,Delinquent,Yes,Single,3,0
LN100606,CUST50606,2023-07-12,Pune,South,42,Female,Clerk,3,2330367,559,Business,600001,240,15.37,2884.25,19.5,72.5,High,Active,Yes,Married,1,0
LN100607,CUST50607,2023-08-02,Mumbai,North,60,Female,Analyst,25,591375,589,Education,4305552,84,16.05,59483.25,52.9,51.7,High,Delinquent,Yes,Single,0,0
LN100608,CUST50608,2026-01-23,Delhi,South,56,Male,Doctor,30,1336023,723,Medical,3733824,120,12.41,34976.6,36.6,53.8,Medium,Paid,Yes,Single,1,0
LN100609,CUST50609,2026-06-30,Chennai,West,29,Female,Engineer,24,1028670,703,Medical,4665299,24,9.33,212523.81,34.0,44.5,Medium,Active,No,Married,2,0
LN100610,CUST50610,2023-07-18,Delhi,North,44,Male,Engineer,25,1763133,787,Personal,707736,84,8.54,9144.96,27.8,44.2,Low,Paid,Yes,Married,4,0
LN100611,CUST50611,2026-06-01,Kolkata,South,22,Female,Doctor,28,2166460,844,Medical,3120762,60,6.97,55637.99,22.3,71.8,Low,Paid,Yes,Single,3,0
LN100612,CUST50612,2024-07-01,Kolkata,South,55,Male,Doctor,35,1756120,739,Business,2997739,180,14.84,19125.57,18.0,74.4,Medium,Defaulted,Yes,Married,1,1
LN100613,CUST50613,2024-03-05,Chennai,East,24,Female,Teacher,25,1648863,818,Business,788545,48,14.01,18729.59,19.0,84.7,Low,Paid,Yes,Single,0,0
LN100614,CUST50614,2025-08-22,Kolkata,West,48,Male,Manager,14,494494,824,Auto,2756147,12,11.94,257102.58,39.4,45.6,Low,Delinquent,Yes,Married,4,0
LN100615,CUST50615,2026-02-12,Pune,North,32,Male,Analyst,7,1711934,720,Debt Consolidation,3788490,48,14.97,90742.23,20.4,61.9,Medium,Active,No,Married,2,0
LN100616,CUST50616,2024-07-04,Mumbai,North,35,Female,Clerk,3,1548086,634,Business,152312,180,12.71,953.73,45.1,48.9,High,Defaulted,Yes,Married,3,1
LN100617,CUST50617,2026-03-10,Mumbai,East,46,Male,Analyst,17,1492941,777,Debt Consolidation,1622698,60,14.55,30980.01,55.5,50.0,Low,Defaulted,Yes,Married,1,1
LN100618,CUST50618,2024-10-17,Chennai,North,41,Female,Doctor,28,536034,637,Business,709668,48,12.14,16579.62,27.9,79.9,High,Delinquent,Yes,Single,0,0
LN100619,CUST50619,2026-01-19,Delhi,East,45,Male,Teacher,30,698329,499,Personal,4274769,180,17.0,27786.0,23.7,77.2,High,Active,No,Single,1,0
LN100620,CUST50620,2025-10-04,Mumbai,West,47,Female,Engineer,12,706483,507,Home,1389216,240,13.48,6568.68,47.5,79.6,High,Delinquent,No,Married,0,0
LN100621,CUST50621,2025-03-14,Kolkata,South,24,Male,Teacher,26,1646323,492,Medical,3441740,180,12.14,21442.04,5.5,79.9,High,Delinquent,Yes,Married,0,0
LN100622,CUST50622,2024-11-18,Chennai,West,28,Male,Analyst,25,443136,833,Education,2581944,12,16.35,250340.99,18.0,54.8,Low,Delinquent,Yes,Married,2,0
LN100623,CUST50623,2025-05-30,Bengaluru,North,48,Female,Teacher,12,1931164,614,Debt Consolidation,2250699,36,10.45,69052.7,51.1,90.3,High,Defaulted,Yes,Married,3,1
LN100624,CUST50624,2023-12-27,Hyderabad,West,50,Male,Self-employed,15,694335,465,Education,3476375,120,11.0,32156.47,32.9,74.8,High,Active,No,Married,1,0
LN100625,CUST50625,2024-11-07,Delhi,West,33,Male,Teacher,9,2139717,710,Home,2968429,60,16.89,57829.94,19.0,48.7,Medium,Delinquent,Yes,Single,4,0
LN100626,CUST50626,2026-05-03,Chennai,West,61,Male,Manager,4,300509,738,Debt Consolidation,4018551,240,17.04,19597.13,55.7,54.5,Medium,Delinquent,No,Single,3,0
LN100627,CUST50627,2024-09-17,Delhi,South,36,Male,Self-employed,3,435979,522,Auto,4546873,12,9.4,414523.26,18.6,61.0,High,Active,No,Single,4,0
LN100628,CUST50628,2023-09-24,Bengaluru,North,62,Female,Teacher,0,2366955,784,Debt Consolidation,3198178,84,15.62,44020.64,37.3,65.9,Low,Paid,Yes,Married,4,0
LN100629,CUST50629,2024-06-13,Kolkata,West,42,Male,Self-employed,8,806545,539,Medical,3628761,24,14.14,172577.83,52.0,71.1,High,Active,Yes,Single,2,0
LN100630,CUST50630,2024-09-28,Hyderabad,North,54,Male,Self-employed,22,2297273,648,Home,1720974,12,16.73,167407.75,15.7,42.2,High,Active,No,Single,0,0
LN100631,CUST50631,2024-11-06,Kolkata,North,26,Male,Teacher,34,1134324,651,Medical,3128217,60,13.93,59399.63,23.7,72.4,Medium,Paid,No,Married,2,0
LN100632,CUST50632,2025-02-20,Hyderabad,West,36,Male,Manager,9,579346,691,Education,697507,84,14.97,9546.71,6.0,66.7,Medium,Delinquent,Yes,Single,0,0
LN100633,CUST50633,2024-05-22,Bengaluru,East,47,Female,Analyst,3,1308106,847,Debt Consolidation,550851,36,9.35,16732.1,33.3,51.1,Low,Active,Yes,Married,2,0
LN100634,CUST50634,2024-01-14,Pune,North,35,Female,Doctor,18,226061,819,Personal,4571779,120,16.67,44449.12,40.7,86.2,Low,Paid,No,Single,0,0
LN100635,CUST50635,2025-10-25,Hyderabad,North,55,Male,Doctor,30,2045714,492,Personal,3701864,84,17.12,51614.56,15.4,82.7,High,Paid,No,Married,2,0
LN100636,CUST50636,2024-06-07,Pune,South,31,Female,Engineer,12,765928,455,Home,4737650,84,10.98,62593.38,14.8,62.7,High,Defaulted,Yes,Married,3,1
LN100637,CUST50637,2025-08-19,Pune,East,37,Female,Clerk,28,2186086,503,Auto,4669708,36,11.42,144527.46,9.2,86.0,High,Defaulted,No,Married,1,1
LN100638,CUST50638,2026-05-04,Pune,South,55,Male,Self-employed,31,2234906,561,Personal,2132419,84,12.19,28480.49,13.2,75.6,High,Active,No,Single,3,0
LN100639,CUST50639,2024-10-21,Mumbai,East,44,Male,Analyst,11,1765847,622,Business,3964802,120,13.81,37602.84,51.4,49.5,High,Defaulted,No,Single,1,1
LN100640,CUST50640,2024-05-09,Kolkata,West,59,Female,Self-employed,30,699805,698,Auto,260103,84,6.09,3285.04,16.0,79.7,Medium,Defaulted,No,Married,0,1
LN100641,CUST50641,2025-08-12,Delhi,South,63,Female,Teacher,4,1581875,774,Medical,3420549,60,8.86,62060.16,28.1,64.9,Low,Delinquent,Yes,Married,0,0
LN100642,CUST50642,2024-05-18,Chennai,South,35,Female,Clerk,30,757561,718,Education,4187999,180,8.95,25349.03,42.5,63.4,Medium,Paid,No,Married,1,0
LN100643,CUST50643,2024-06-05,Hyderabad,South,39,Male,Analyst,11,679063,646,Debt Consolidation,4775352,12,13.3,450872.82,15.9,48.0,High,Delinquent,Yes,Married,1,0
LN100644,CUST50644,2026-01-29,Kolkata,North,23,Male,Manager,6,1733243,516,Home,3791217,84,10.57,49904.15,58.9,62.4,High,Delinquent,Yes,Married,4,0
LN100645,CUST50645,2023-10-20,Hyderabad,West,50,Female,Teacher,2,2325243,759,Auto,3465866,36,13.02,108808.94,46.1,46.0,Low,Active,Yes,Single,2,0
LN100646,CUST50646,2026-07-08,Delhi,East,34,Male,Engineer,12,483168,705,Education,2133956,36,17.14,69436.56,12.2,93.5,Medium,Active,No,Single,4,0
LN100647,CUST50647,2024-08-22,Bengaluru,North,58,Male,Manager,17,2079632,570,Business,4088035,36,7.74,122345.8,19.8,92.5,High,Defaulted,Yes,Married,2,1
LN100648,CUST50648,2025-08-28,Chennai,West,53,Male,Analyst,4,832722,579,Auto,3288867,24,8.25,148341.61,46.7,81.9,High,Defaulted,Yes,Single,0,1
LN100649,CUST50649,2023-10-24,Mumbai,South,60,Female,Doctor,24,1897378,687,Education,1463536,36,12.61,45780.22,29.3,72.0,Medium,Defaulted,Yes,Married,2,1
LN100650,CUST50650,2025-08-16,Mumbai,East,28,Male,Clerk,23,2476525,723,Business,4063138,240,16.94,19797.64,57.6,49.3,Medium,Active,No,Married,1,0
LN100651,CUST50651,2026-07-08,Mumbai,South,38,Female,Clerk,10,890953,781,Medical,540758,48,17.73,13263.22,30.9,59.0,Low,Active,No,Single,2,0
LN100652,CUST50652,2024-08-15,Delhi,South,47,Female,Self-employed,8,313455,780,Home,1244492,240,7.59,5578.95,5.4,82.2,Low,Delinquent,Yes,Single,1,0
LN100653,CUST50653,2024-10-22,Mumbai,South,56,Female,Doctor,23,1059355,806,Medical,1697315,36,10.1,51909.55,21.5,44.3,Low,Defaulted,No,Married,3,1
LN100654,CUST50654,2024-09-04,Bengaluru,South,35,Male,Doctor,15,942939,559,Medical,1418393,36,16.32,45829.85,59.4,58.7,High,Active,No,Single,4,0
LN100655,CUST50655,2024-10-13,Kolkata,East,21,Male,Teacher,28,1513183,533,Personal,3869617,12,16.57,375901.04,16.1,44.5,High,Defaulted,No,Single,4,1
LN100656,CUST50656,2023-09-18,Chennai,West,37,Female,Doctor,29,2066344,790,Personal,2352641,12,13.63,222775.5,28.0,84.0,Low,Active,Yes,Single,2,0
LN100657,CUST50657,2025-08-02,Chennai,West,45,Female,Teacher,8,869714,705,Debt Consolidation,4532331,84,11.43,60123.53,58.4,86.1,Medium,Paid,No,Married,1,0
LN100658,CUST50658,2024-02-10,Pune,West,51,Male,Self-employed,1,1076921,579,Business,365147,180,14.48,2322.33,33.1,45.7,High,Active,No,Single,4,0
LN100659,CUST50659,2024-08-11,Hyderabad,West,38,Male,Analyst,5,2019799,487,Business,801035,36,16.4,25900.13,26.5,87.9,High,Delinquent,Yes,Single,4,0
LN100660,CUST50660,2024-03-28,Delhi,South,24,Male,Clerk,28,884168,556,Debt Consolidation,954844,180,15.05,6103.04,43.2,91.5,High,Active,No,Single,0,0
LN100661,CUST50661,2025-02-09,Bengaluru,North,47,Female,Self-employed,11,2297314,739,Debt Consolidation,4676257,48,11.7,108820.4,20.8,46.8,Medium,Paid,Yes,Married,3,0
LN100662,CUST50662,2024-10-24,Mumbai,North,35,Male,Analyst,11,953040,643,Auto,477251,48,7.59,10697.38,16.9,57.1,High,Defaulted,No,Married,0,1
LN100663,CUST50663,2023-08-31,Kolkata,East,24,Male,Clerk,17,1193248,839,Business,4126345,120,14.3,39303.44,18.8,43.3,Low,Paid,Yes,Married,2,0
LN100664,CUST50664,2025-02-28,Pune,South,32,Male,Self-employed,29,1817267,810,Home,3742639,180,7.82,22418.41,26.1,86.7,Low,Paid,No,Married,2,0
LN100665,CUST50665,2025-12-22,Mumbai,South,59,Female,Manager,13,377040,610,Medical,3618491,60,8.28,65301.7,8.1,73.6,High,Defaulted,No,Married,1,1
LN100666,CUST50666,2023-07-24,Kolkata,South,43,Male,Self-employed,14,986322,615,Business,1415438,24,7.06,63140.33,53.2,66.5,High,Defaulted,No,Married,2,1
LN100667,CUST50667,2023-11-09,Bengaluru,North,47,Female,Engineer,7,1199397,820,Home,1044146,36,16.19,33699.81,23.7,76.7,Low,Paid,Yes,Married,0,0
LN100668,CUST50668,2026-06-19,Pune,South,30,Female,Doctor,2,391848,571,Education,3374652,120,9.47,30785.26,40.5,47.2,High,Active,No,Single,4,0
LN100669,CUST50669,2025-07-16,Chennai,North,62,Female,Self-employed,29,1474341,708,Medical,2795971,24,12.09,130583.5,22.5,44.9,Medium,Delinquent,Yes,Single,4,0
LN100670,CUST50670,2025-06-21,Chennai,East,27,Male,Teacher,35,1451138,450,Business,540640,84,13.54,7307.65,46.1,89.8,High,Defaulted,No,Single,1,1
LN100671,CUST50671,2026-06-22,Mumbai,West,34,Male,Manager,10,1793928,479,Personal,1831526,48,17.97,45013.57,59.9,73.7,High,Active,No,Single,0,0
LN100672,CUST50672,2026-01-31,Pune,North,39,Male,Doctor,6,2273294,626,Debt Consolidation,3434662,120,17.83,33725.52,39.8,63.7,High,Defaulted,Yes,Married,0,1
LN100673,CUST50673,2024-03-04,Mumbai,East,45,Female,Doctor,24,2481336,547,Auto,4216495,24,13.56,199510.49,35.3,52.5,High,Delinquent,Yes,Married,1,0
LN100674,CUST50674,2024-09-27,Delhi,North,41,Female,Manager,13,2381480,541,Home,2381899,12,10.22,218777.42,12.0,67.3,High,Defaulted,Yes,Married,3,1
LN100675,CUST50675,2024-04-30,Hyderabad,South,28,Male,Teacher,26,564714,550,Medical,1163482,84,15.35,15977.1,14.9,68.9,High,Active,No,Married,0,0
LN100676,CUST50676,2025-01-29,Kolkata,West,61,Female,Teacher,23,709853,674,Home,4291238,48,10.47,98761.05,10.7,79.7,Medium,Defaulted,No,Single,4,1
LN100677,CUST50677,2024-11-08,Pune,West,49,Female,Clerk,14,1739627,467,Personal,4635278,240,10.18,21279.79,8.2,92.5,High,Active,No,Married,1,0
LN100678,CUST50678,2025-02-14,Kolkata,West,62,Female,Doctor,24,2114453,491,Auto,1815890,84,10.82,23956.78,38.3,72.3,High,Delinquent,No,Married,3,0
LN100679,CUST50679,2023-09-19,Chennai,North,38,Female,Engineer,21,1026320,592,Personal,1381514,84,8.23,17800.15,55.5,78.5,High,Delinquent,No,Married,3,0
LN100680,CUST50680,2023-11-11,Kolkata,East,24,Female,Clerk,5,341160,636,Debt Consolidation,3016839,180,14.27,19151.9,14.7,72.6,High,Defaulted,No,Single,1,1
LN100681,CUST50681,2025-09-12,Kolkata,West,45,Male,Analyst,3,1785873,492,Medical,3801143,48,6.75,84535.84,9.0,86.7,High,Defaulted,Yes,Single,2,1
LN100682,CUST50682,2026-03-11,Kolkata,West,56,Female,Teacher,14,657073,560,Business,270764,60,16.65,5264.1,14.4,49.3,High,Delinquent,No,Married,0,0
LN100683,CUST50683,2025-03-13,Delhi,North,48,Female,Self-employed,21,1664717,611,Business,966722,60,6.79,17206.04,57.9,51.7,High,Defaulted,No,Single,3,1
LN100684,CUST50684,2025-01-20,Pune,South,65,Male,Manager,28,2105328,579,Medical,745785,36,15.45,23916.91,59.3,69.3,High,Active,No,Single,1,0
LN100685,CUST50685,2025-12-13,Bengaluru,South,49,Male,Self-employed,10,1982563,618,Auto,4680967,120,7.44,41910.26,15.2,62.6,High,Defaulted,No,Married,0,1
LN100686,CUST50686,2024-04-29,Chennai,East,27,Male,Self-employed,14,2030096,658,Personal,1257829,12,7.06,112219.31,31.4,69.0,Medium,Defaulted,No,Married,1,1
LN100687,CUST50687,2025-12-16,Delhi,West,64,Female,Self-employed,26,2243143,848,Education,4975294,24,10.89,229879.31,37.1,84.1,Low,Defaulted,Yes,Married,4,1
LN100688,CUST50688,2024-10-01,Kolkata,West,54,Male,Clerk,27,2239439,603,Home,577428,24,15.8,27860.9,26.6,40.2,High,Paid,No,Single,4,0
LN100689,CUST50689,2025-01-13,Delhi,West,22,Male,Self-employed,1,1820241,748,Personal,2614844,24,13.13,123257.21,19.5,43.1,Medium,Paid,Yes,Single,1,0
LN100690,CUST50690,2024-12-16,Chennai,East,28,Female,Engineer,7,304209,753,Personal,3393698,36,14.14,107599.08,22.6,62.4,Low,Active,Yes,Married,0,0
LN100691,CUST50691,2023-12-26,Kolkata,South,41,Female,Teacher,13,2167899,717,Business,3382451,240,10.3,15545.18,53.0,49.8,Medium,Paid,Yes,Single,0,0
LN100692,CUST50692,2026-03-16,Chennai,South,62,Male,Doctor,21,623418,591,Medical,2225457,24,8.49,100599.93,24.9,55.5,High,Active,No,Single,4,0
LN100693,CUST50693,2026-04-06,Chennai,West,21,Female,Clerk,13,830696,839,Home,2787928,12,11.28,258533.86,50.1,56.5,Low,Delinquent,Yes,Single,2,0
LN100694,CUST50694,2025-05-15,Delhi,West,38,Female,Doctor,14,1499037,648,Auto,3432262,24,11.96,160115.02,15.1,63.9,High,Active,Yes,Single,1,0
LN100695,CUST50695,2025-11-19,Kolkata,South,57,Male,Engineer,24,180950,829,Education,1533842,180,15.18,9814.88,26.6,93.1,Low,Active,Yes,Single,3,0
LN100696,CUST50696,2026-03-19,Pune,South,63,Male,Self-employed,35,2326728,849,Home,3985066,48,7.51,89257.18,21.1,56.4,Low,Active,No,Single,1,0
LN100697,CUST50697,2025-02-28,Mumbai,South,60,Female,Teacher,15,1632332,777,Home,4720644,60,7.45,84538.87,33.0,67.8,Low,Active,No,Married,4,0
LN100698,CUST50698,2024-04-02,Delhi,South,49,Female,Analyst,16,2028732,773,Debt Consolidation,1559097,240,14.23,7420.65,59.7,61.2,Low,Paid,No,Single,3,0
LN100699,CUST50699,2026-05-15,Pune,West,65,Female,Engineer,4,1294275,714,Business,3446572,48,12.62,80865.2,20.4,83.3,Medium,Delinquent,Yes,Married,0,0
LN100700,CUST50700,2025-07-04,Mumbai,North,58,Female,Engineer,14,476071,615,Home,706355,120,11.97,6590.88,58.3,45.8,High,Delinquent,Yes,Married,3,0
LN100701,CUST50701,2026-06-29,Kolkata,North,29,Female,Manager,28,1609846,476,Education,182986,84,15.33,2512.35,28.0,92.4,High,Active,No,Single,4,0
LN100702,CUST50702,2026-06-21,Pune,South,45,Female,Manager,21,960401,490,Medical,1525433,12,7.15,136208.45,57.7,80.6,High,Active,No,Single,1,0
LN100703,CUST50703,2024-10-04,Delhi,East,22,Male,Doctor,23,554300,785,Business,2032281,180,8.26,12223.04,52.3,55.3,Low,Paid,No,Married,2,0
LN100704,CUST50704,2024-10-28,Mumbai,South,42,Male,Manager,11,985032,842,Home,831692,120,12.02,7763.84,6.1,58.0,Low,Delinquent,Yes,Married,0,0
LN100705,CUST50705,2025-04-14,Mumbai,South,32,Female,Teacher,32,338140,548,Business,2171083,24,9.66,99200.4,22.0,63.4,High,Delinquent,Yes,Married,3,0
LN100706,CUST50706,2024-11-03,Hyderabad,South,26,Male,Teacher,12,1643712,613,Education,3662141,48,7.84,82276.1,41.3,67.6,High,Delinquent,Yes,Single,3,0
LN100707,CUST50707,2024-08-14,Hyderabad,North,21,Male,Clerk,35,195587,747,Business,623854,120,6.25,5523.71,12.3,62.2,Medium,Delinquent,No,Single,2,0
LN100708,CUST50708,2024-02-26,Chennai,East,31,Male,Teacher,35,938820,640,Home,247245,12,10.7,22808.35,10.4,51.6,High,Delinquent,Yes,Single,1,0
LN100709,CUST50709,2025-01-24,Hyderabad,South,37,Female,Clerk,6,915912,560,Personal,3711714,120,15.1,35601.52,32.6,56.8,High,Delinquent,Yes,Single,2,0
LN100710,CUST50710,2024-06-18,Pune,West,32,Female,Analyst,24,1128198,735,Home,1928254,180,11.63,11958.39,12.8,48.5,Medium,Active,No,Single,0,0
LN100711,CUST50711,2026-02-06,Kolkata,South,26,Female,Analyst,4,1933587,683,Education,2880329,60,6.17,50967.42,20.8,87.8,Medium,Delinquent,Yes,Single,2,0
LN100712,CUST50712,2024-05-27,Chennai,East,33,Female,Doctor,2,944842,759,Business,1928188,48,16.45,46778.64,12.1,66.7,Low,Active,Yes,Single,0,0
LN100713,CUST50713,2025-08-12,Bengaluru,East,33,Male,Engineer,30,450094,600,Medical,4910265,84,11.19,64996.71,33.8,56.4,High,Active,No,Married,4,0
LN100714,CUST50714,2025-03-16,Delhi,North,58,Female,Clerk,20,1361712,567,Education,4485501,120,17.29,43842.03,19.5,85.3,High,Defaulted,No,Married,0,1
LN100715,CUST50715,2025-05-25,Mumbai,West,54,Male,Teacher,8,2374140,788,Personal,3323326,12,9.67,303724.3,19.4,93.1,Low,Paid,Yes,Married,1,0
LN100716,CUST50716,2024-11-28,Chennai,West,43,Female,Clerk,9,445252,544,Auto,1128621,12,16.46,109532.67,41.6,86.9,High,Delinquent,Yes,Married,3,0
LN100717,CUST50717,2025-10-28,Hyderabad,East,25,Female,Analyst,16,841335,801,Personal,1481086,36,13.3,46613.07,10.4,64.7,Low,Paid,Yes,Married,1,0
LN100718,CUST50718,2025-04-06,Hyderabad,South,50,Male,Doctor,17,183696,459,Home,3235375,240,6.69,14382.59,10.2,61.1,High,Active,No,Married,0,0
LN100719,CUST50719,2026-04-06,Bengaluru,North,56,Male,Teacher,18,817480,568,Debt Consolidation,3222338,12,12.43,301906.22,36.6,86.9,High,Delinquent,Yes,Single,1,0
LN100720,CUST50720,2024-08-06,Mumbai,North,53,Male,Analyst,12,492364,816,Business,1536835,36,15.51,49311.06,22.3,74.1,Low,Delinquent,No,Single,3,0
LN100721,CUST50721,2025-03-12,Delhi,North,46,Male,Self-employed,12,1010329,706,Education,1424387,180,17.6,9306.0,58.9,76.6,Medium,Paid,Yes,Married,3,0
LN100722,CUST50722,2025-11-18,Kolkata,South,52,Male,Analyst,30,1792465,698,Auto,1915921,12,10.56,176520.19,10.2,92.6,Medium,Delinquent,No,Single,4,0
LN100723,CUST50723,2024-09-02,Pune,West,45,Male,Engineer,3,1460508,476,Personal,1191905,48,11.51,27689.44,13.1,86.8,High,Defaulted,Yes,Single,2,1
LN100724,CUST50724,2025-03-26,Delhi,East,40,Female,Self-employed,11,451017,482,Debt Consolidation,1754546,12,9.27,159766.03,48.6,92.3,High,Paid,No,Single,0,0
LN100725,CUST50725,2023-10-05,Delhi,East,59,Female,Doctor,12,2173140,796,Debt Consolidation,773253,180,7.5,4618.04,53.2,82.3,Low,Active,Yes,Married,3,0
LN100726,CUST50726,2024-05-15,Hyderabad,North,61,Male,Clerk,35,1678482,586,Auto,603675,12,17.88,59301.01,5.3,61.0,High,Paid,Yes,Married,1,0
LN100727,CUST50727,2024-09-09,Pune,East,57,Male,Clerk,3,1846153,503,Personal,1428032,120,14.59,13636.52,53.0,40.6,High,Defaulted,No,Married,4,1
LN100728,CUST50728,2025-10-29,Pune,South,36,Male,Manager,4,1883549,753,Personal,2802786,180,13.18,17623.3,59.3,82.0,Low,Paid,No,Single,1,0
LN100729,CUST50729,2023-10-03,Bengaluru,East,65,Male,Clerk,11,196228,603,Education,3665407,36,7.87,109829.85,39.2,74.1,High,Delinquent,No,Married,2,0
LN100730,CUST50730,2025-10-11,Hyderabad,North,46,Female,Self-employed,9,2337089,506,Debt Consolidation,1735355,24,13.72,82226.9,6.9,67.8,High,Defaulted,No,Married,1,1
LN100731,CUST50731,2024-12-02,Chennai,East,42,Female,Manager,1,2473942,564,Home,1359634,120,14.06,12923.32,56.8,77.0,High,Active,Yes,Married,2,0
LN100732,CUST50732,2024-09-30,Delhi,East,49,Female,Manager,5,767046,693,Debt Consolidation,683672,60,12.97,12872.4,37.1,80.0,Medium,Defaulted,No,Married,1,1
LN100733,CUST50733,2024-05-19,Hyderabad,South,28,Male,Manager,4,254922,530,Medical,1049335,240,9.43,4784.53,44.8,59.1,High,Active,No,Single,4,0
LN100734,CUST50734,2025-04-14,Kolkata,East,41,Female,Self-employed,15,2183647,650,Home,3627777,240,9.47,16547.2,58.1,65.2,Medium,Delinquent,No,Single,2,0
LN100735,CUST50735,2024-01-18,Pune,North,62,Female,Doctor,20,506453,475,Personal,1649452,60,6.68,29327.26,59.1,73.5,High,Delinquent,No,Single,0,0
LN100736,CUST50736,2025-03-08,Hyderabad,North,28,Male,Clerk,8,1500494,497,Education,4434622,120,9.41,40432.67,8.2,45.9,High,Active,No,Married,4,0
LN100737,CUST50737,2024-01-21,Kolkata,South,39,Female,Clerk,9,1591321,791,Education,889447,84,12.69,11932.36,7.7,77.8,Low,Delinquent,Yes,Married,0,0
LN100738,CUST50738,2024-03-10,Mumbai,West,35,Male,Clerk,14,2280808,850,Business,919388,48,17.24,22456.05,52.3,44.8,Low,Paid,No,Single,4,0
LN100739,CUST50739,2024-07-23,Delhi,North,61,Female,Doctor,3,1202779,832,Education,160671,240,7.63,720.54,59.7,42.8,Low,Paid,No,Single,3,0
LN100740,CUST50740,2024-04-30,Hyderabad,West,59,Female,Manager,23,2140306,635,Medical,354357,24,6.23,15684.73,22.1,83.1,High,Active,Yes,Single,2,0
LN100741,CUST50741,2026-06-03,Pune,North,63,Female,Self-employed,34,1447001,669,Business,2735105,36,12.68,85608.79,16.5,72.3,Medium,Active,No,Married,1,0
LN100742,CUST50742,2025-07-29,Chennai,South,60,Female,Teacher,6,1676606,478,Personal,3829444,84,8.89,49641.45,24.9,73.3,High,Defaulted,Yes,Married,3,1
LN100743,CUST50743,2024-11-17,Delhi,North,52,Female,Manager,26,1656895,451,Business,1898800,84,13.72,25706.14,44.4,73.8,High,Delinquent,No,Single,2,0
LN100744,CUST50744,2025-03-26,Pune,North,27,Male,Manager,13,252855,799,Medical,577457,84,9.81,7548.88,14.9,64.3,Low,Active,Yes,Single,1,0
LN100745,CUST50745,2025-09-02,Kolkata,West,35,Female,Clerk,0,1338919,775,Debt Consolidation,4269748,12,17.94,419645.07,39.7,51.8,Low,Active,No,Single,4,0
LN100746,CUST50746,2026-02-15,Mumbai,North,25,Male,Engineer,32,1719346,527,Personal,452290,120,15.63,4358.19,31.6,84.5,High,Active,Yes,Single,2,0
LN100747,CUST50747,2024-03-02,Kolkata,South,41,Male,Engineer,6,478723,591,Debt Consolidation,4706895,12,15.7,453823.13,36.8,42.6,High,Delinquent,No,Single,0,0
LN100748,CUST50748,2024-08-31,Bengaluru,North,24,Male,Clerk,26,943264,610,Home,4896409,60,10.66,90306.1,21.5,77.9,High,Active,Yes,Married,0,0
LN100749,CUST50749,2026-03-12,Kolkata,South,26,Female,Clerk,19,982026,804,Personal,4275940,84,9.83,55907.92,14.4,49.9,Low,Paid,No,Single,0,0
